"gene","module","variance"
"ACTA1","M1",20.1795850969214
"ITLN1","M1",19.7210135514895
"RPS4Y1","M2",19.6691572753008
"MYOC","M1",18.1453007025028
"RPS4Y2","M2",17.7900198421452
"CABP7","M3",17.7648591423915
"CCL18","M3",17.169870777908
"SPP1","M3",17.1371732435579
"RERGL","M1",16.2063331747226
"CASQ2","M1",14.7864375594277
"COL11A1","M3",14.6361432287232
"NPY1R","M1",14.6120004654168
"CILP","M1",14.4553446632534
"MYH11","M1",14.0159199955226
"ANGPTL7","M1",13.9582813528051
"KIAA1199","M3",13.9013920428276
"LRRC2","M3",13.8233153229795
"PLN","M1",13.5259569006725
"OLR1","M3",13.5160669741375
"WISP2","M1",13.4843613141134
"OSTbeta","M3",13.4831752634201
"SOST","M1",13.3090743567745
"MYOT","M1",13.205765750296
"TPO","M1",13.0566084778194
"FHL5","M1",12.7678255954245
"XIST","M3",12.6925036381376
"C2orf40","M1",12.5176557525118
"CCL7","M3",12.466886976718
"PCDH20","M1",12.2779697728206
"IL8","M3",12.2155207148573
"APOC1","M3",11.7284862030876
"IBSP","M3",11.6794520442127
"PKD2L1","M3",11.5538273507904
"CXCL14","M1",11.342757982336
"MYH7","M1",11.3063636070077
"MMP7","M3",11.2561898429575
"DES","M1",11.2050544332677
"PGAM2","M1",11.0901593620125
"PLA2G7","M3",11.0855767052578
"ANGPTL1","M1",11.085472934139
"LOC645638","M3",11.0284301255905
"CGB1","M3",10.9913382809214
"CDH19","M1",10.7917703575921
"AOC3","M1",10.7756528451595
"CXCL10","M3",10.7481237614596
"PLIN","M1",10.692531678061
"DAPL1","M3",10.5258686864529
"LOC389043","M3",10.4282174120239
"PDZRN4","M1",10.3528322783846
"TREM2","M3",10.3074911261639
"H19","M1",10.2956893841333
"CKM","M1",10.2736173449379
"IGFBP1","M3",10.2560448119554
"VIT","M1",10.1998534172629
"C8orf84","M1",10.1884768288508
"C15orf48","M3",9.98524497121186
"RBPMS2","M1",9.96227360486035
"RP11-167P23.2","M3",9.95644929600278
"RYR2","M1",9.85577289508545
"ACP5","M3",9.84930628872956
"RPA4","M3",9.81482130091748
"ADAMDEC1","M3",9.73588432640157
"ATP1A2","M1",9.62066672150441
"XG","M1",9.54960176773987
"MB","M1",9.52073425655558
"MMP12","M3",9.40213145423258
"CXCL1","M3",9.33498530603663
"HTRA4","M3",9.31297807185908
"TNNT1","M1",9.15997654218689
"CD86","M3",9.11496596748269
"LPHN3","M1",9.10862462583676
"HMOX1","M3",9.10360806999919
"ITIH3","M1",9.06207210115464
"PLA2G2A","M1",9.05706051303833
"MUSTN1","M1",9.00731985356441
"KCNA5","M1",8.96697404187586
"CA3","M1",8.94983170513199
"SLITRK6","M1",8.91834852682159
"SLC7A11","M3",8.88028078669193
"TM4SF19","M3",8.84395020186932
"CYP4B1","M1",8.73977648932724
"CHIT1","M3",8.72908540586035
"CSRP3","M1",8.71221129344721
"FREM1","M1",8.69650874073106
"SCN7A","M1",8.6358904046879
"ATXN3L","M3",8.5684930582255
"FPR3","M3",8.49351234426251
"KCNAB1","M1",8.47220204434532
"GPC3","M1",8.38921270042597
"NOV","M1",8.37069652165363
"RAP1GAP","M3",8.33811659632337
"WFDC1","M1",8.33736236852865
"OCA2","M1",8.32721220841473
"APOBEC2","M1",8.32052860355882
"MYRIP","M1",8.26963714037755
"C13orf30","M3",8.23637907820596
"CXCL6","M3",8.23477040112565
"IFI30","M3",8.22177270820611
"HEY2","M1",8.18461139812142
"SLN","M1",8.16675972084624
"MEOX2","M1",8.16289326909323
"GOLSYN","M1",8.09975453871465
"SPOCD1","M3",8.08711665895152
"DUSP26","M1",8.06639779607709
"COL4A6","M1",8.01441362189727
"MSR1","M3",8.00388983096298
"FHOD3","M1",8.00386014906236
"NRAP","M1",7.96810097608504
"MAOB","M1",7.90946706381797
"ABRA","M1",7.89244307196121
"MARCO","M3",7.85493214968679
"MYBPC1","M1",7.82487975485972
"MYL2","M1",7.81005424450344
"TSPAN8","M1",7.75529887701999
"STRA6","M3",7.73864417175304
"SERPIND1","M3",7.73735842115944
"PLP1","M1",7.73632429096955
"LDB3","M1",7.69446627101604
"ART3","M1",7.67829841247292
"NPNT","M1",7.67051733948148
"WNT4","M3",7.66276431695056
"SULT1E1","M3",7.63948510965511
"GFAP","M3",7.63484778990533
"HSPB7","M1",7.62805451125193
"CSF3","M1",7.57683508092223
"FAM150B","M1",7.55124225002983
"PPM1F","M3",7.52956815088289
"ZCCHC13","M3",7.51726853796826
"CHI3L1","M3",7.50125445943349
"XKR4","M1",7.48266153949155
"SLC16A10","M3",7.47847111592808
"TNMD","M1",7.45320524266045
"MGC10981","M2",7.45283697418883
"MYL1","M1",7.4448356443639
"PRG4","M3",7.4338174966491
"SLC45A4","M3",7.41774518830271
"IRX5","M3",7.39182070162813
"LEFTY2","M1",7.38801437359397
"TRIM63","M1",7.37867899440703
"FLJ37644","M1",7.3650398688103
"CCNA1","M3",7.35957413128898
"TTN","M1",7.35728227763912
"SIGLEC1","M3",7.30632690973325
"NDP","M3",7.3021767109346
"IL4I1","M3",7.28647419920827
"PPP1R9A","M1",7.24832940232933
"AREG","M3",7.23652619494229
"CPE","M1",7.22874260788663
"NXF5","M3",7.19387796005902
"ITIH2","M3",7.16951700244621
"TNNC1","M1",7.16119322401767
"MYOZ1","M1",7.1349490950689
"RGS1","M3",7.10117623446651
"CXCL11","M3",7.08548208916961
"PRDM16","M1",7.05091977222112
"CCL3","M3",7.04650383550757
"ST14","M3",7.00705127023261
"GSTT1","M4",6.98368048408448
"LOC100129858","M3",6.9722272163694
"KRT17P3","M3",6.97182452434953
"TM7SF4","M3",6.9690365145592
"SAPS1","M3",6.96544487183988
"PPL","M1",6.94855873984813
"GALNT5","M3",6.94819999927096
"TSPAN11","M1",6.94220597121464
"SUSD5","M1",6.93096722983793
"MEOX1","M1",6.9271408993629
"LOC728264","M1",6.91956098709196
"MYOM1","M1",6.9094603683769
"KLK8","M3",6.88418871010144
"AMPD1","M1",6.86838473620988
"SMPX","M1",6.8377590125295
"TREM1","M3",6.83521663790025
"ANKRD22","M3",6.78490588197007
"DCD","M2",6.76238215872668
"AVPR1A","M1",6.76119110380041
"THRSP","M1",6.74825484236442
"MMP1","M3",6.74344249000213
"RCAN2","M1",6.73282666457466
"SLAMF7","M3",6.72724412954094
"VPS18","M3",6.72638298387098
"UTS2","M3",6.72236620937742
"RYR3","M1",6.72148163352036
"SPEG","M1",6.71704292325383
"IGFL2","M3",6.7156843348672
"AIF1L","M1",6.6910856028896
"GREM1","M3",6.69093716430823
"EREG","M3",6.68078578255478
"OSM","M3",6.67271072939781
"THBS4","M1",6.6480473605745
"TSPAN12","M1",6.63915014399494
"PTCHD1","M1",6.6362719908147
"SLC6A12","M3",6.60325626004239
"STAC2","M1",6.60304111759345
"ADIPOQ","M1",6.59846409932818
"APOD","M1",6.59390446689649
"LILRB1","M3",6.55372622514173
"PTN","M3",6.5520349044765
"IRS4","M3",6.53488122200828
"HFE2","M1",6.5318031031306
"HAVCR2","M3",6.52145727664043
"TSPAN7","M1",6.51068233166574
"CCL20","M3",6.48117462811464
"CIDEA","M1",6.47756722908904
"NEB","M1",6.46091532105167
"LMOD1","M1",6.45774522730771
"TFEC","M3",6.45699591997092
"CKMT2","M1",6.45481903817041
"CCL4","M3",6.42103365588518
"SLC37A2","M3",6.41378206662609
"CXCL9","M3",6.40935657377408
"BAI3","M1",6.39125357802603
"SPARCL1","M1",6.36283183994069
"CD163","M3",6.35979048689849
"XIRP1","M1",6.34734340527236
"LMO3","M1",6.31862956299635
"IGF2BP1","M3",6.31214594939027
"HRC","M1",6.28607816211045
"VAT1L","M1",6.28343937932796
"FAM162B","M1",6.27786138747168
"NNAT","M3",6.25811967696278
"SDS","M3",6.25197161471717
"PCDH8","M1",6.20825017807439
"OGDHL","M3",6.19388738363433
"PCP4","M1",6.18054744970951
"FCGR1B","M3",6.16774738547337
"APOC2","M3",6.16298193860856
"SLAMF8","M3",6.15870262978271
"IL6","M3",6.15692610131605
"TDO2","M3",6.15587080923129
"KCNJ5","M3",6.15243761924907
"COMP","M1",6.13489581293618
"AMZ1","M3",6.13454565683207
"ADAM12","M3",6.12636163571868
"ASB2","M1",6.11462014138638
"C21orf82","M1",6.11237910979487
"PDE6C","M3",6.1122264105102
"PPP1R3C","M1",6.1027921066695
"SLC13A4","M3",6.09598260211859
"LHX6","M1",6.09317242503756
"CTSG","M1",6.09047622766939
"IL1RL1","M3",6.07882698772404
"ACAN","M3",6.0775009140302
"TPSAB1","M1",6.06594486384397
"HAS1","M3",6.05874048700455
"H2BFXP","M3",6.03727261742406
"BIRC5","M3",6.03564006577007
"SIRT4","M2",6.0339316871719
"DNAJC5B","M3",5.9972084264278
"CCR1","M3",5.99485597264227
"CXCR4","M3",5.97356952664399
"OR51E2","M1",5.97153321076297
"CHL1","M1",5.94167756174364
"SORBS2","M1",5.9403135930092
"HOXD8","M1",5.93837467378366
"CRLF1","M1",5.92557775926312
"LILRA3","M3",5.92275067451223
"CAPN6","M1",5.91954412297277
"NTF3","M1",5.91510693422443
"SELE","M1",5.8953267418398
"EMX2OS","M1",5.89191709737375
"SCGB1D1","M2",5.88449614773718
"HPSE","M3",5.87902530930934
"PCSK2","M1",5.87218746355474
"PENK","M3",5.86863527097608
"DPT","M1",5.86808746641972
"EMX2","M1",5.86679465060035
"CD84","M3",5.85048239325963
"ADRA2C","M1",5.84843315097684
"RGS5","M1",5.83378833393274
"CD68","M3",5.82973179605729
"SFRP2","M4",5.82286861612039
"LOC100127998","M3",5.81805295946616
"LAMP3","M3",5.79833874826255
"SYNPO2","M1",5.79460664632851
"IGHG1","M3",5.78513020225466
"HBG1","M1",5.78171029424284
"SNTG2","M1",5.76831914719729
"C1orf173","M3",5.76025192232115
"TEX12","M3",5.76012505390556
"HSPB3","M1",5.7597091851857
"FCGR3B","M3",5.75929148832022
"LOC644135","M3",5.75335467111455
"CPZ","M3",5.74269895465107
"GJB6","M3",5.74134219526993
"APOE","M3",5.71647660490554
"LOC642424","M3",5.70760656948276
"SYT13","M3",5.70489662012529
"C1QC","M3",5.69004525816899
"POSTN","M3",5.68951933489089
"LOC283174","M1",5.67840730312458
"ARL4C","M3",5.67322654260391
"FCGBP","M3",5.65716925726324
"C16orf89","M3",5.64858211328342
"IDO1","M3",5.6248105500912
"C19orf59","M3",5.620605089154
"GBP5","M3",5.609108799788
"KIAA0101","M3",5.60502496866046
"C10orf116","M1",5.60142366459498
"MMP3","M1",5.57939071198365
"AQP9","M3",5.57822236479017
"KAZALD1","M1",5.57632439235453
"CDKN2A","M3",5.57053723689277
"RAB42","M3",5.55974553454275
"ASB5","M1",5.55896304901596
"IGK@","M3",5.54920599675789
"ANKRD1","M1",5.54813642380603
"DARC","M1",5.54167710644224
"GPIHBP1","M1",5.52686163714215
"HS6ST2","M4",5.51324889283099
"FRK","M1",5.50049290119036
"IL11","M3",5.4971215348013
"OASL","M3",5.47585672783751
"DEFB106B","M2",5.46187246428176
"MGC29506","M3",5.45146663631957
"CCDC66","M3",5.4503198586645
"ENPP6","M4",5.44395441668775
"FLJ43390","M3",5.44340703095308
"LINGO2","M3",5.43195132031383
"GALNT6","M3",5.42370144537616
"ALPK2","M3",5.41770965026492
"PMP2","M1",5.40424234640337
"TFF3","M1",5.38081884301566
"SPC25","M3",5.36981968843241
"CCL3L3","M3",5.36946496499387
"SCG2","M3",5.36832160572024
"CHI3L2","M3",5.36769961063731
"CD72","M3",5.33571182889519
"ITGB1BP3","M1",5.32841557686408
"IL1B","M3",5.32556323093498
"RBP1","M3",5.3224627363476
"RXFP1","M3",5.32035877529537
"SNCG","M1",5.31516517367339
"LOC285944","M4",5.31464773378365
"C8orf22","M1",5.31108318278007
"CCL8","M3",5.30843859793304
"LOC100131176","M3",5.30685572620587
"ACTN2","M1",5.30660286044246
"KLHDC6","M1",5.30452227431603
"SLC6A13","M3",5.29656580091171
"CD300C","M3",5.28810810316854
"PPBP","M3",5.28727653772648
"PRKG1","M1",5.28707620760652
"DOK7","M1",5.26634857792541
"CCL19","M1",5.2649656572351
"GLI1","M1",5.26421900149565
"NRXN1","M1",5.26199681534532
"CTSB","M3",5.260180911196
"SFRP5","M1",5.25367576431533
"DCLK3","M5",5.2481885688231
"EN1","M1",5.24743294498859
"DLGAP5","M3",5.23883627822389
"SHOX2","M1",5.23567132848813
"GPM6B","M1",5.23530788523952
"TMEM130","M1",5.23308444465931
"FA2H","M1",5.22434533611905
"IGSF10","M1",5.21215430013383
"CCL15","M1",5.21212688500661
"PF4V1","M3",5.21069181010968
"HSD17B6","M1",5.20746287844481
"OGN","M1",5.20402985557942
"LOC650405","M3",5.20301383779598
"KRT77","M2",5.20027714663367
"OSR2","M1",5.19834676840923
"GLDN","M1",5.19672511427684
"TOP2A","M3",5.18808207520278
"SAA1","M3",5.18527937730761
"CD180","M3",5.18467297825846
"PPP1R12B","M1",5.18172365593329
"CD300LF","M3",5.17339754608311
"OR51E1","M1",5.1601945855829
"IDO2","M3",5.13940346705931
"GJB2","M3",5.13887682611226
"IL1RN","M3",5.13524594020636
"NR0B1","M1",5.1329321047238
"LOC100132941","M3",5.1315776243058
"ZNF552","M3",5.12367553931086
"ECEL1","M3",5.12265741131586
"LAPTM5","M3",5.11547649330922
"ALAS2","M1",5.11430704437266
"C1QB","M3",5.11204520967616
"CNTN4","M1",5.11039063324905
"CARD9","M3",5.09771398108243
"TMPRSS3","M3",5.08981302953872
"LINCR","M3",5.08697319791298
"PRUNE2","M1",5.08654249485937
"SOX11","M3",5.08280400511877
"NPL","M3",5.07791760058273
"C1QTNF7","M1",5.0779169868176
"MYF6","M1",5.06948883020841
"IGH@","M3",5.06215449695757
"ITGAX","M3",5.05784923293478
"ADH1A","M1",5.05347493860518
"MRO","M3",5.04419864898114
"LAIR1","M3",5.04273100390978
"EYA1","M3",5.03653099660873
"LOC54492","M1",5.0347660101316
"KCNIP3","M1",5.03332986852986
"HK3","M3",5.03089046329678
"PLAUR","M3",5.02539503006196
"KCNK17","M1",5.02045993137422
"LILRA2","M3",5.0201559464965
"IGFN1","M1",5.01818733327545
"KBTBD10","M1",5.01450976551212
"C1orf110","M1",5.01207971918956
"C10orf79","M5",5.01144432710575
"CYorf14","M2",4.9979701070444
"KCNB1","M1",4.99681997930802
"LGI1","M1",4.99460709090486
"C20orf160","M1",4.98711226256577
"CEP55","M3",4.98358326595198
"JSRP1","M1",4.98115323455513
"TAC1","M1",4.97031290766695
"LOC284033","M1",4.96649499218772
"SFTA1P","M3",4.96524372678664
"CD38","M3",4.96306981406016
"ENTPD3","M1",4.96008157609687
"MELK","M3",4.95631130646318
"SLC11A1","M3",4.954397538917
"C7orf58","M1",4.95202672493559
"BCAT1","M3",4.9479971420489
"ABCA6","M1",4.9423220780991
"SGCG","M1",4.93761705722935
"XIRP2","M1",4.93406543399752
"TMOD4","M1",4.93141208681686
"KCNJ8","M1",4.91912512998274
"IGKV1D-8","M3",4.90918400169133
"IRX2","M1",4.90743864731922
"GDF10","M1",4.89436257423193
"SIGLEC9","M3",4.89107171129702
"KCNJ3","M1",4.88357617811031
"PPP1R1A","M1",4.87042636955499
"ADORA2B","M3",4.86519097269943
"VMO1","M3",4.85312086521926
"TFCP2L1","M3",4.85071808032026
"TMEM132C","M4",4.84430597692565
"PLEK2","M3",4.82473378496545
"LYZ","M3",4.81499353664047
"LILRA4","M3",4.81332930916498
"CD28","M3",4.81157330481691
"FAM46B","M1",4.80775226254177
"CMYA5","M1",4.8040134961633
"MARCH1","M3",4.80278578268647
"NOSTRIN","M1",4.80078583853058
"CATSPER1","M3",4.78991487797465
"SIGLEC10","M3",4.78413187710157
"ZBTB32","M3",4.78203490967346
"HOXC9","M1",4.77187042178466
"SPTB","M1",4.76380367517195
"IGKC","M3",4.76122537490642
"FAM26F","M3",4.75752257618976
"DNASE1L3","M1",4.7397286603656
"FLJ39632","M3",4.73704269044517
"TRPM2","M3",4.71949884044506
"LY6D","M4",4.7184458490706
"SAMSN1","M3",4.71728263436034
"EMR2","M3",4.71686320650081
"DDX3Y","M2",4.71645597677733
"C21orf129","M3",4.71535219261031
"RASSF9","M1",4.7120422353709
"BTC","M3",4.71185090166285
"FMO2","M1",4.70599200017652
"KRT34","M3",4.70236155025685
"SHROOM3","M1",4.70134847268773
"IGSF6","M3",4.7001507708128
"RNASE2","M3",4.7000236379867
"RASL11B","M1",4.69369604288005
"IGLL3","M3",4.6869858954315
"TTR","M1",4.68550753677738
"RARRES1","M3",4.68045018337848
"DOCK2","M3",4.67808586384755
"SIGLEC7","M3",4.66807139496143
"NCKAP1L","M3",4.65916034553477
"C6orf142","M1",4.65397881638201
"TMEM74","M1",4.64846241948731
"C10orf82","M1",4.64608484012894
"REEP1","M1",4.63956788168204
"CPXM2","M1",4.63649950472495
"CRTAC1","M1",4.63383650038326
"LOC645722","M1",4.63052022715299
"ARPP-21","M1",4.62887312202173
"DPY19L2","M1",4.61975062463174
"LONRF2","M1",4.61913408063095
"PNMT","M1",4.61885445537346
"IGLL1","M3",4.61852336107015
"RAB3B","M3",4.61538286903898
"KIAA1881","M1",4.6152458963792
"SIGLEC12","M3",4.60251598374697
"LOC651721","M3",4.60128891167156
"APOBEC3B","M3",4.59613423069248
"PIK3R5","M3",4.5923036689423
"CLEC5A","M3",4.58959518288644
"C17orf54","M2",4.58826103743897
"XK","M1",4.58280913785871
"KRT14","M3",4.57593635023119
"C4B","M3",4.57112104609784
"KRT17","M3",4.57004903188998
"CP","M3",4.56483327090429
"ITGA4","M3",4.5644297368001
"TLR7","M3",4.56396691783785
"PF4","M3",4.56033634662564
"SHC3","M3",4.55969274172709
"CNTFR","M1",4.55409904053738
"RASL12","M1",4.55290248520007
"LOC284120","M3",4.55181364591796
"MATN2","M1",4.54999221476555
"DMKN","M1",4.54951509759411
"PPP1R14A","M1",4.54034727112343
"C1orf168","M3",4.53874135602481
"IGHA1","M3",4.52521475189582
"LOC401021","M1",4.51893968523523
"C5orf46","M3",4.51711664651604
"FXYD1","M1",4.51288760551832
"CTTNBP2","M1",4.50617368243557
"HS3ST2","M3",4.50106098786216
"SYNM","M1",4.49318609494478
"SLC16A3","M3",4.49285950229256
"CDH1","M4",4.49230566845509
"PRSS35","M3",4.48922813261312
"SH3BGR","M1",4.48413133295096
"FAM107A","M1",4.4762378098416
"TYMP","M3",4.46562816130128
"NTS","M1",4.46419746810845
"LILRA5","M3",4.45609909673205
"C20orf26","M3",4.45079212205157
"LMOD3","M1",4.44039287949685
"CCDC48","M1",4.43800447743921
"PNCK","M1",4.43331289853091
"TYROBP","M3",4.42898828166917
"OMD","M1",4.42549417302379
"SERPINE1","M3",4.42155468984925
"ART4","M1",4.41866724987714
"DACT3","M1",4.41206655111557
"STAP1","M3",4.40918758564588
"SLC2A5","M3",4.40755855035267
"CXCL13","M3",4.40617004262596
"KLHDC7B","M3",4.40500780315613
"SLC13A3","M4",4.40447449395636
"SCGB2A1","M2",4.40300275162612
"DUSP13","M1",4.40009042384143
"MFAP4","M1",4.3978543883284
"ODZ2","M1",4.39381496109677
"FRZB","M1",4.39168651175806
"MS4A2","M1",4.38764655146246
"KLHL6","M3",4.38564995814192
"ADORA3","M3",4.3784078961203
"FGF13","M1",4.3770230572655
"LPL","M1",4.37275647185165
"FBP1","M3",4.36810617784884
"KCNIP1","M3",4.36625912709411
"MS4A7","M3",4.35902750174821
"DEFB1","M3",4.35722306587464
"ITGAD","M3",4.34925795463003
"AGRP","M3",4.34736860448168
"KRT222P","M1",4.34675297070003
"CXorf21","M3",4.34455433659044
"OR10A2","M3",4.34041742966186
"CHRDL2","M3",4.33565306691139
"HHLA2","M5",4.3297366824462
"RRAD","M1",4.3252347953762
"LMOD2","M1",4.32361373730262
"EBF3","M1",4.32326478485507
"PIK3AP1","M3",4.31961774475934
"PHYHIP","M1",4.31632451020184
"IRF5","M3",4.31244053170006
"SULT1B1","M3",4.31205665612649
"AMPD3","M3",4.31203866397345
"LOC100132553","M3",4.30864993636189
"IL7R","M3",4.30731578529286
"FCGR3A","M3",4.30574003565942
"CDCP1","M3",4.30056746506916
"GNA15","M3",4.29858056860145
"LGALS2","M3",4.29681210470187
"SLC22A3","M1",4.29415281694059
"C10orf65","M1",4.29376765180301
"INHBB","M1",4.29292046708173
"P2RX1","M1",4.29140356175585
"SORCS1","M1",4.28676505917223
"REXO1L1","M2",4.28315793145975
"FMR1NB","M3",4.28301609450945
"ARC","M3",4.28169519686866
"MS4A14","M3",4.27774075181637
"DSP","M3",4.27295362867362
"KCNK2","M3",4.27259749228148
"RERG","M1",4.27115658219688
"FABP7","M3",4.26313938481379
"EGR4","M3",4.26030605647249
"SERPINA3","M3",4.25724225073764
"C1QA","M3",4.2564379662756
"FCER1A","M2",4.25345216361273
"C2","M3",4.25060023369729
"GREM2","M1",4.25001808399206
"APOBEC3A","M3",4.23941455694187
"VSIG4","M3",4.23801099411794
"KRT18P49","M3",4.23799064647341
"HAPLN1","M3",4.23793520896737
"MACC1","M3",4.23424693412039
"LILRB3","M3",4.23078728425596
"HEYL","M1",4.22229814510806
"FABP4","M1",4.2182779125095
"HPSE2","M1",4.2176860640192
"IGSF1","M1",4.21532431156744
"C20orf103","M3",4.21427262434844
"COL4A4","M3",4.20705452177425
"C1orf38","M3",4.20425395631921
"OXTR","M3",4.20134880384605
"CD300A","M3",4.20108494994374
"GPR65","M3",4.19793684202706
"KRT18P19","M3",4.19704482164908
"UBE2C","M3",4.19677047270762
"MIA","M1",4.18899749982258
"DAAM2","M1",4.18857587111059
"KCNE2","M1",4.18564779806426
"TBX1","M3",4.18362579992358
"SNX10","M3",4.1830911891394
"FPR1","M3",4.18166317324376
"CD53","M3",4.17981213020118
"MMP9","M3",4.17964328176802
"BBOX1","M3",4.17891363912338
"HRCT1","M1",4.17586170305393
"GPR20","M1",4.17279746060804
"CPA3","M1",4.17180014836335
"NTN1","M1",4.17036683849451
"GFRA1","M1",4.16999553157614
"SLA","M3",4.16709575861193
"ITGA7","M1",4.16536688704686
"SERPINA1","M3",4.14936487170907
"C13orf36","M4",4.14746199035288
"SCIN","M3",4.14423355856004
"A2BP1","M1",4.14397360115089
"ADRA2A","M1",4.13231213548301
"LOC442249","M3",4.1286178645169
"GPR84","M3",4.1265384093218
"OAS1","M3",4.12649084739056
"FLJ25770","M3",4.12461610721534
"CRTAM","M3",4.12092422935622
"FNDC1","M3",4.1198629594183
"COL1A1","M3",4.11809805353329
"TUBB1","M3",4.11651218780377
"ABCA8","M1",4.11475728886425
"SFRP1","M1",4.11430422525139
"KCNK13","M3",4.10558997306445
"TMEM45B","M3",4.10127401032449
"B4GALT6","M5",4.09997752764709
"HLF","M1",4.09829463790337
"HSD17B2","M3",4.09655642775403
"UNC45B","M1",4.09602370576043
"ASPA","M1",4.09308878493496
"CDCA2","M3",4.08632219803463
"TNC","M1",4.08602857111844
"ADH1C","M1",4.08549251120211
"CLIC5","M1",4.08049543447674
"C3orf70","M1",4.0757782018028
"MYH6","M1",4.07558269942914
"NLRC4","M3",4.0745160805348
"FPR2","M3",4.07374646640305
"RBM22","M3",4.06845413210429
"MYO1G","M3",4.0657859707183
"CLEC4D","M3",4.06517775019612
"SLC2A4","M1",4.06408809191116
"STAC3","M1",4.06253289705419
"MYBPH","M1",4.06094772917096
"ADAP2","M3",4.05789605206702
"AGBL1","M1",4.05341170478909
"BCHE","M1",4.05242896738764
"CA12","M3",4.03922774080111
"CPXM1","M3",4.03889064732678
"KCNA7","M1",4.03723214506435
"HAMP","M3",4.03716241960143
"CAND2","M1",4.03695499628769
"OR4C46","M2",4.03351900534278
"LOC151438","M3",4.02730162567271
"ATP6V0D2","M3",4.02622844147769
"IL17B","M1",4.02129040562829
"CLEC1B","M3",4.02096077825334
"MYO5C","M1",4.02084885876974
"LOC440337","M3",4.02012902036685
"MYOZ2","M1",4.01911616776428
"ALOX5","M3",4.01130078502551
"C10orf63","M3",4.01109649819825
"GAL","M3",3.99886917215616
"LEP","M2",3.99836595726276
"IRF8","M3",3.99472112591749
"JARID1D","M2",3.99367187232585
"HCK","M3",3.98645274780601
"LTF","M2",3.9842907923139
"ALOX5AP","M3",3.984080576301
"SLC7A10","M1",3.97955265818282
"PBK","M3",3.97578923585092
"RNF128","M3",3.97521265360406
"LOC92973","M1",3.97463483762088
"SLC10A1","M3",3.97244964062712
"PDE10A","M5",3.96786590746636
"RAMP3","M1",3.95888625405381
"FBXO16","M1",3.95588986006081
"RAPGEF5","M1",3.95537815173922
"CCDC85A","M1",3.95521205330622
"IGKV1-5","M3",3.95117598461327
"GPR78","M3",3.95049976044918
"APOB48R","M3",3.94850873479617
"KRT7","M3",3.94598498618111
"LRRC25","M3",3.94521363050162
"JAKMIP3","M2",3.94426968298218
"AK2P2","M3",3.94391626175601
"KLK7","M3",3.93741293279982
"BMF","M3",3.93730086426037
"POU2AF1","M3",3.93632379084555
"DUSP27","M1",3.93467677033081
"C1QTNF9","M1",3.93347414200858
"ABCC3","M3",3.93066283130848
"GLYAT","M2",3.92848690726042
"PTGDS","M4",3.92279587236008
"CSF2RA","M3",3.92085141661233
"SULT1C4","M3",3.91832504343444
"MYL9","M1",3.9159928480047
"GDF6","M4",3.9100081714077
"PMAIP1","M3",3.90542933249589
"CSRP2","M1",3.90539162513355
"TIMP1","M3",3.9053487765548
"SYK","M3",3.90400394159955
"GLRB","M1",3.90252509866856
"PLEK","M3",3.89724751022699
"COL21A1","M1",3.89720804945567
"MUM1L1","M4",3.89682998744345
"CTSD","M3",3.89467378087378
"TMEM35","M1",3.89344875492492
"SEMA5B","M1",3.89317148876146
"RBM20","M1",3.89179568001563
"C3AR1","M3",3.89075233574873
"KBTBD5","M1",3.89044561557649
"TEF","M3",3.8901721675546
"WDR67","M3",3.88975565868457
"HMGA2","M3",3.88894249248111
"CD14","M3",3.8882532862795
"SLCO2A1","M1",3.88814058320408
"C1orf170","M1",3.88546205241247
"FZD3","M1",3.88479213438693
"HLA-DQB1","M3",3.88304756180411
"IKBKE","M3",3.87954579847914
"IGSF21","M3",3.8794993439769
"KRT18P40","M3",3.87203441432033
"SMYD1","M1",3.87120722746293
"KYNU","M3",3.86797248238032
"KRT6B","M2",3.86758283810853
"MAPK4","M1",3.86605852046553
"SERPINA5","M1",3.86593814736712
"PTPN22","M3",3.86126161494342
"C6","M4",3.85866647653621
"NDRG2","M1",3.85003175372498
"SPRR2C","M2",3.84965759204851
"LOC401847","M3",3.84947016608148
"MKX","M1",3.84921957083917
"IGHM","M3",3.84801722814032
"KANK4","M1",3.84026737863816
"RGS6","M1",3.83940224339442
"TLR2","M3",3.83935798326273
"ADAMTS4","M3",3.83767716221024
"TF","M1",3.83387005595781
"COL14A1","M1",3.83264508202814
"DDIT4L","M1",3.83198317503593
"VAMP8","M3",3.83121414389711
"PLCXD3","M1",3.8298277135572
"LOC283143","M3",3.82566649898625
"NMNAT2","M1",3.8146226008589
"COL6A6","M1",3.81232134984984
"MYO18B","M1",3.80757164047604
"KRT18P28","M3",3.80516406267764
"APCDD1L","M3",3.80456685263861
"KRT18P34","M3",3.8037070994087
"FERMT3","M3",3.79852340008133
"GNAI1","M1",3.79692882516866
"PYGM","M1",3.79440137641731
"FAM47E","M1",3.79344816851465
"RP11-45B20.2","M1",3.7932053672234
"SGCA","M1",3.7914546815284
"CTXN3","M3",3.78402565782384
"LILRB2","M3",3.7836179625629
"CXXC4","M1",3.77731287618674
"SLC16A6","M3",3.77689776819687
"MAPK13","M3",3.77683567259115
"hCG_2019139","M1",3.77574293861336
"SLPI","M4",3.77208123097798
"FLJ10232","M2",3.7707269231754
"AIFM3","M3",3.77070598254101
"MS4A4A","M3",3.76697812703333
"RAI2","M1",3.76339494186515
"ISG15","M3",3.76322451525468
"GAP43","M3",3.76011931370807
"SLITRK3","M5",3.75593380954123
"PIP5K1B","M1",3.75591736795425
"SCN4B","M1",3.75542454054879
"UGT2B7","M2",3.75523137054948
"LOC100131756","M3",3.75124855887428
"FMN1","M3",3.73867302888119
"HMBOX1","M3",3.73611988332356
"COL10A1","M3",3.73201282669089
"NCAPG","M3",3.73113344384798
"AR","M1",3.72851267649241
"MIAT","M3",3.72376629651465
"LOC100131733","M3",3.72256411835701
"CD83","M3",3.72124655521365
"KRT16","M3",3.72075732741347
"CCR5","M3",3.71911201549275
"C5AR1","M3",3.71864402721355
"PARD6A","M5",3.7179807658209
"ARG1","M3",3.7178232588067
"CNN1","M1",3.71533993912102
"MMP10","M3",3.71396854248639
"CCDC3","M1",3.71322218415313
"TLR8","M3",3.7121356954614
"LIF","M3",3.7108307719603
"FAM70A","M2",3.71074231033952
"ALLC","M1",3.71025425819807
"PARVG","M3",3.70740358772654
"KRT18P42","M3",3.70686063854593
"ANKRD23","M1",3.70392689983724
"DACT2","M4",3.70145572593718
"ANGPTL4","M3",3.69980136765096
"COL9A3","M1",3.69714174964346
"RGS4","M3",3.69642769191857
"LY86","M3",3.6937139741715
"CYorf15B","M2",3.69314581591029
"SEZ6L2","M3",3.68695194090299
"CDH2","M3",3.68625496112922
"APOB","M1",3.6857156871288
"FZD10","M1",3.68554876137436
"TTLL7","M1",3.68519634329248
"PRRT2","M1",3.68231724279425
"ARL11","M3",3.68226778685659
"ITGB2","M3",3.6807604770414
"CDH3","M3",3.67613122061719
"GZMB","M3",3.67382138538879
"EMR1","M3",3.67184386623164
"NR3C2","M1",3.67060507891761
"WSCD1","M1",3.66736956880304
"STEAP4","M1",3.66617457713049
"ADCY5","M1",3.65675806090649
"CCL5","M3",3.65602124440517
"AQP7P2","M1",3.65483060591081
"LOC652494","M3",3.65336542285718
"SCGB2A2","M2",3.64933853607243
"ABCA9","M1",3.64602141032347
"DUSP2","M3",3.64432457749769
"SDSL","M3",3.64182186406862
"MPP7","M1",3.63137133297317
"CACNG1","M1",3.63032454084358
"WNT5A","M3",3.62934711464999
"CXCR6","M3",3.62919474164898
"RELN","M1",3.62802370254271
"PPARGC1A","M1",3.62180788615576
"PEBP4","M1",3.6185058369415
"SLC1A3","M3",3.61838604570979
"CHRNA1","M1",3.61708427260822
"HTR2B","M1",3.61327007851318
"LAD1","M3",3.61024900559333
"SYNPO2L","M1",3.60971369580271
"DOK6","M1",3.6079780639373
"LOXL2","M3",3.60466034966317
"CLEC14A","M1",3.60375191146621
"ASPN","M1",3.60370134687766
"SHISA3","M1",3.60244329463371
"IL2RA","M3",3.5973267875177
"KLRC3","M3",3.59499389854838
"C3orf45","M1",3.59417869862004
"ANXA13","M3",3.59375004010374
"GCHFR","M3",3.59273194876398
"SMTN","M1",3.59044614448746
"STC2","M3",3.58803210393517
"CCR7","M3",3.58522786587791
"KRT18P33","M3",3.58304912988549
"GNG13","M2",3.58255896891479
"FLJ40504","M3",3.57852513176792
"PPFIA2","M1",3.57840531002175
"SVEP1","M1",3.57833912571907
"KRT1","M1",3.57548584917458
"CPM","M3",3.57367721911367
"ADAM8","M3",3.5717400045203
"DEFA3","M3",3.57049163720454
"PLCB4","M1",3.56950869771166
"CLEC7A","M3",3.56852856533345
"RNASE8","M3",3.56756494374057
"C15orf2","M4",3.56579879200821
"SCG5","M3",3.56381603048537
"FLVCR2","M3",3.56213371198901
"PITX2","M1",3.56202435109932
"CTSS","M3",3.55396591943533
"MAL2","M3",3.54933918966092
"DOK2","M3",3.5423461389102
"TLR1","M3",3.53946740501037
"HP","M1",3.53829864136693
"NFIB","M1",3.53634197507255
"ELF3","M3",3.53582658863857
"RGN","M1",3.53433858149186
"SEMA3D","M1",3.53384438824341
"S100B","M1",3.5334628560499
"COL2A1","M3",3.52841206462887
"MCHR1","M3",3.5252617052717
"PKHD1L1","M1",3.52123701599334
"IGJ","M3",3.51818234377732
"HN1","M3",3.51249895788714
"MARCH4","M3",3.51150898459765
"BTNL9","M1",3.51095167176086
"FAM71A","M3",3.51011131990383
"PLCE1","M1",3.50948713845951
"ZNF683","M3",3.50829297355005
"LOC572558","M1",3.50690706385076
"GPM6A","M4",3.50453695919161
"NMUR1","M1",3.50194364738402
"SCGB1D2","M2",3.50058593264839
"SGSM1","M1",3.4993239832206
"FMNL1","M3",3.49833083967655
"IL28RA","M3",3.49387883606206
"SLC22A6","M4",3.49064042813633
"CENPM","M3",3.49045923014387
"HOXD3","M1",3.48813601012192
"MCAM","M1",3.48802310465334
"PLEKHH2","M1",3.48665154394043
"SORBS1","M1",3.48226801656085
"MAB21L1","M1",3.48212325269091
"CACNG6","M1",3.48183735572019
"FBLN1","M1",3.48127511398933
"LPAR5","M3",3.48094408239447
"PNPLA3","M3",3.48089720308783
"HES2","M3",3.48044942917204
"P2RY14","M1",3.47867215692219
"ZIC3","M3",3.47224417920054
"SCRG1","M1",3.47191604318194
"AOAH","M3",3.47132938662635
"TNNI2","M3",3.47117402192708
"CXCR3","M3",3.47000826231061
"KRT18","M3",3.46547859884025
"FCGR2A","M3",3.46488883350984
"AMIGO2","M1",3.46239090107354
"HSH2D","M3",3.46056860339787
"SLC7A5","M3",3.45955159981917
"TRIM54","M1",3.45751037541757
"RBM47","M3",3.45354526123881
"EEF1A2","M1",3.453449043315
"FBXO40","M1",3.45309998970029
"CORO1A","M3",3.45048655633149
"PLAC8","M3",3.44998868641873
"HBD","M1",3.44981274219565
"RSAD2","M3",3.44864905026997
"PDGFD","M1",3.44770756107057
"GDF15","M3",3.44540393093706
"MYOM3","M1",3.43812048985525
"C12orf69","M1",3.43775250221076
"NGFR","M1",3.43532750299955
"CCL26","M3",3.43436578495763
"AK5","M1",3.43435316300817
"CHST11","M3",3.43080086000184
"KLRC2","M3",3.42913857773082
"SCARA5","M1",3.42680898657966
"GAL3ST1","M1",3.42630642965252
"KIAA0894","M1",3.4259672858279
"FAM64A","M3",3.42449664319964
"ST6GAL2","M1",3.41207243160331
"RAMP2","M1",3.40572174762233
"MGAT4C","M1",3.40540472266609
"C5orf23","M1",3.40530079895366
"RBP2","M3",3.40433806632379
"CXCL16","M3",3.40373883254174
"DHRS9","M3",3.40021829091095
"KIAA2022","M1",3.39506184065806
"HES5","M1",3.39500907533697
"HPR","M1",3.39235278715735
"KLF15","M1",3.3885990508405
"KIF18B","M3",3.38710322844272
"FLJ11827","M3",3.38517082828284
"PTAFR","M3",3.38186320310291
"TNFRSF21","M3",3.37675672537064
"KLK10","M4",3.37646289679916
"S100A12","M3",3.37638116811355
"LGALS9C","M3",3.3762311486548
"ENPP5","M1",3.37575556038973
"LHX2","M3",3.37265662534753
"ZBTB16","M1",3.37121588620695
"JAM2","M1",3.36930587268318
"NAPSB","M3",3.3679259696546
"CD34","M1",3.36692285016071
"AS3MT","M1",3.36691674734151
"CYP3A4","M1",3.36197503335771
"RND1","M1",3.36051214957913
"CYP4X1","M1",3.35823043586738
"CYorf15A","M2",3.3574370877536
"PGBD5","M3",3.3538449413937
"SLA2","M3",3.35125599704471
"TCEAL2","M1",3.35099201824201
"BARX1","M1",3.35018915168573
"DUXAP10","M3",3.34878711223671
"SERPINI1","M1",3.34755230999243
"AOX1","M1",3.34744006401291
"DNASE2B","M3",3.34430290943554
"MYLK","M1",3.34394602240885
"EYA4","M1",3.34175842736807
"KIF20A","M3",3.34135164014291
"CASQ1","M1",3.3393867530856
"RGS20","M3",3.33702925543694
"ASPHD1","M3",3.33661969683534
"ISM1","M1",3.33622144741658
"TTK","M3",3.33615000738446
"PPAPDC1A","M3",3.3345097730695
"CYP4F12","M1",3.3340266019448
"FLJ41603","M1",3.33384226861414
"HK2","M3",3.33023114102928
"CAPG","M3",3.32877794699527
"FOXR1","M2",3.32759378465795
"CCL2","M3",3.32359274776041
"ZNF540","M1",3.32093215508308
"OTC","M1",3.32055193946791
"BLNK","M3",3.32016277376798
"EOMES","M3",3.31803330654455
"PKIB","M3",3.31717751929235
"RRM2","M3",3.31378904229729
"UBD","M3",3.31063305064353
"SERPINB2","M3",3.30855478357939
"GARNL3","M1",3.30793347621365
"KCNMA1","M1",3.30689745609716
"LCP1","M3",3.30114238397826
"DHRS7C","M1",3.30010102439241
"CRYBB1","M3",3.29969296171128
"ERBB4","M1",3.29891393677237
"NPHS2","M2",3.29803791219512
"MMP11","M3",3.29734798207055
"HEMGN","M3",3.2971544908373
"AGTR1","M1",3.29681804508451
"CFD","M1",3.29636734677999
"DSCAML1","M1",3.29218626671925
"RARRES2","M1",3.29168112540764
"CSF1R","M3",3.29033593854568
"MAGI2","M1",3.29007330620994
"DERL3","M3",3.28897088951335
"MAL","M1",3.28844142468697
"IFNG","M3",3.28442135366636
"PODN","M1",3.28014946450471
"OLFM4","M1",3.2785741612071
"FLNC","M1",3.27725563262226
"CDH15","M1",3.27706662370436
"WNT11","M1",3.27576978053004
"C6orf25","M3",3.27426932310473
"LOC389992","M3",3.2724007792695
"LOC644538","M1",3.27057487258688
"E2F7","M3",3.27026673254879
"NAP1L2","M1",3.26938072226884
"TNFSF4","M3",3.26934296445106
"S100A8","M3",3.26848834575393
"SFRP4","M4",3.26611871012021
"CXCL5","M3",3.26572837088034
"NPR1","M1",3.26549349721394
"SIGLEC8","M3",3.26384608135803
"OR52K3P","M3",3.26316939941912
"STXBP2","M3",3.26308065022446
"SIGLEC5","M3",3.26139530977574
"MS4A6A","M3",3.26135540120462
"TPD52L1","M1",3.26080265133696
"LOC283454","M3",3.25991689742612
"BTNL8","M3",3.25895348419646
"SCN2B","M4",3.25163540899382
"KRT18P30","M3",3.25029471935226
"FYB","M3",3.24936928165956
"HTR2A","M1",3.24780518532575
"ACVR1C","M1",3.2430208474102
"CH25H","M4",3.24223808918435
"TLR6","M3",3.24083930660587
"KCND2","M1",3.23847612185827
"RASD1","M1",3.23751869139093
"ARHGAP30","M3",3.23711572840252
"ZNF233","M3",3.23636033914905
"PCDH7","M1",3.23492510756412
"KCNS3","M1",3.22940811340236
"SASH3","M3",3.22605779827626
"DKFZP564O0823","M1",3.2255886771751
"C17orf87","M3",3.22525282098724
"C6orf141","M1",3.22512883753733
"NLGN4X","M1",3.22067873450865
"IL2RB","M3",3.21623920983999
"BUB1","M3",3.21246774482419
"RANBP3L","M1",3.20940372707498
"MATK","M3",3.20918612768011
"CLDN5","M1",3.20674540978147
"C13orf3","M3",3.20640387609755
"SMTNL2","M1",3.20608906997084
"F10","M1",3.20537503337703
"S100A1","M1",3.20415485113687
"KLF5","M1",3.20068280049955
"KIAA1161","M2",3.19965961633643
"LCN6","M1",3.19853730384025
"LIMCH1","M1",3.19831254164091
"PTPN7","M3",3.1958193411728
"CYBA","M3",3.19559856026059
"CCRL2","M3",3.19449115822158
"TCAP","M1",3.19079179048505
"KRT5","M2",3.19006720565212
"LOC729170","M1",3.18708547934017
"TCTEX1D1","M3",3.18585737228742
"SLC46A2","M3",3.18417481404983
"CCL13","M1",3.18229211750723
"WNT3A","M3",3.181372577087
"CKAP2L","M3",3.18104040258107
"WDFY4","M3",3.17937699155976
"FAM20A","M3",3.17747958496161
"SLC22A16","M3",3.17529258828065
"JPH2","M1",3.17358455056373
"TRPC6","M1",3.17273714993253
"C1QTNF2","M1",3.17271420624423
"CXCL3","M3",3.17203225337365
"ASCL2","M3",3.17198805354981
"GSTA5","M3",3.17170693943172
"C9orf61","M1",3.17136158137659
"ACPT","M3",3.17128249383352
"MAP1LC3C","M4",3.17079903480808
"RBM24","M1",3.17079856534484
"SERPINB3","M3",3.16370410130447
"CPA1","M1",3.16171436397407
"NCF4","M3",3.15983661803657
"ZNF521","M1",3.1576828302282
"RETN","M3",3.15715145357437
"ADAMTS1","M1",3.1565128768905
"AKR1B10","M1",3.15586740043637
"TMEM47","M1",3.15585533500609
"HLA-DQA2","M3",3.15507204446372
"RHBDL2","M3",3.15129711242302
"HMMR","M3",3.14957359307977
"CABP1","M1",3.14224382170046
"C21orf90","M5",3.14205783903952
"PAIP2B","M1",3.14097949620785
"ANPEP","M3",3.14060732954705
"CXCL2","M3",3.14038377490087
"IL1R2","M3",3.13819729635868
"MYEF2","M1",3.13727723603684
"LCN2","M3",3.1369390572368
"NPY5R","M1",3.13682591592498
"ST8SIA4","M3",3.13419149845626
"VAV1","M3",3.13312406390118
"LYRM5","M5",3.13146790761208
"SLC26A1","M3",3.12751947993412
"C18orf34","M1",3.12667034672098
"SLC6A20","M4",3.12560110183113
"TBXAS1","M3",3.12548098059237
"PYCR1","M3",3.12516990220512
"MARK1","M1",3.12381030868364
"IL8RB","M3",3.12316267109615
"FAM184A","M1",3.12179671399184
"KLRK1","M3",3.11970250270822
"CDO1","M1",3.11509922469505
"C3orf50","M1",3.1131846202789
"PROK2","M3",3.11236030665904
"RNASE6","M3",3.10895691057665
"SLC35F1","M1",3.10800098829647
"ZNF469","M3",3.10799947871558
"STAB2","M1",3.10535271392737
"CD52","M3",3.10348564324995
"CAP2","M1",3.10184909615479
"CBLN2","M3",3.09121353833599
"NLRP12","M3",3.09011123740516
"HHATL","M1",3.08882950393393
"LOC120376","M1",3.08628196322362
"LCP2","M3",3.08624449871932
"GALNTL2","M1",3.08579885949906
"PTPN6","M3",3.08222586867696
"GPRIN3","M3",3.08200765571404
"MEIS2","M1",3.08184690353253
"PRAMEF10","M2",3.08134202613755
"FIGN","M1",3.08132246037231
"WDR21C","M3",3.08067626512944
"CRYAB","M1",3.07976449120872
"EPHX2","M1",3.07914998884248
"FIGF","M1",3.07743068319181
"ACTA2","M1",3.07615370936799
"CCK","M3",3.076039612128
"SIGLEC15","M3",3.07570577160443
"SSTR1","M1",3.07324507803605
"POPDC3","M1",3.0731861350067
"GAFA3","M1",3.07250512706876
"SLC19A3","M1",3.07178483752361
"MUCL1","M2",3.07082549415284
"SLC7A7","M3",3.06885948706085
"NR4A3","M3",3.06880156261453
"C1orf162","M3",3.06612101407262
"CLEC12A","M3",3.06296729267652
"C17orf60","M3",3.06088134898287
"LIPE","M1",3.06068601546985
"MLC1","M3",3.05957717184613
"AMOT","M1",3.05873004594147
"C1orf167","M1",3.05642110053184
"PRKAG3","M1",3.05602152611189
"TNFRSF11B","M3",3.051845226565
"SEMA6A","M1",3.05144385567066
"AIM2","M3",3.05022526691128
"EVI2A","M3",3.04990757472607
"LOC440934","M3",3.04776215487071
"RAB3C","M1",3.04720763742793
"MAOA","M1",3.04151982905344
"TRIM55","M1",3.03885549332453
"SLCO2B1","M3",3.03870310340715
"RGS18","M3",3.03742017836975
"UPK1B","M3",3.0367130972928
"LAT2","M3",3.03274314450862
"CD69","M3",3.0320160588299
"MYLPF","M1",3.03056413700038
"MGC4294","M3",3.0285665184942
"MYO1F","M3",3.02479103769762
"ZBP1","M3",3.02110549118402
"LOC100128185","M5",3.0206405139233
"WWC1","M3",3.01826692488299
"TTYH1","M1",3.01742340169297
"FLRT3","M1",3.01672723525859
"CLEC4E","M3",3.01551644160319
"FILIP1","M1",3.01491644931834
"AQP1","M1",3.01436821836327
"EFHD1","M1",3.01084844503008
"FAM148B","M1",3.01052969219864
"MLLT11","M3",3.0098586415123
"KCNJ11","M1",3.00881260601389
"EPSTI1","M3",3.00789116412427
"RNF150","M3",3.00629650738851
"MRAP","M1",3.00601074875258
"IFI6","M3",3.0057626691375
"C7orf16","M3",3.00380324105487
"CBLN1","M1",3.00245922821814
"CD70","M3",3.00175679465485
"TIMP4","M1",3.00086779939795
"C1QTNF1","M1",3.00037744978368
"HAS2","M1",3.00000606255998
"G0S2","M3",2.99292283420784
"WDR69","M3",2.99055192029901
"DMRT2","M1",2.98926785128765
"VIPR1","M1",2.98799008263467
"DEF6","M3",2.98650132223818
"VWC2","M1",2.98612435406233
"C6orf124","M3",2.98594768598108
"PDPN","M3",2.98295700366582
"LRRC38","M1",2.98233701984867
"E2F8","M3",2.97934393538303
"PDE2A","M1",2.97825583853101
"ABCC9","M1",2.97707370280965
"PIK3CG","M3",2.97677345591025
"GRP","M3",2.9736027606124
"SYT12","M3",2.97113739778756
"C6orf168","M1",2.97110000966137
"ANKRD58","M3",2.97074678139652
"ATOH8","M1",2.97008138437511
"RNF43","M3",2.9693961637881
"BCAS1","M1",2.9692168916933
"XCL1","M3",2.96896972604644
"IL21R","M3",2.96870424548619
"SLC16A12","M4",2.96861809169613
"IGSF5","M2",2.96753384929929
"BIN2","M3",2.96707152995864
"CD37","M3",2.96558137074056
"CTD-2267G17.3","M1",2.96521501257974
"NEXN","M1",2.96460400351672
"KRT23","M3",2.96234632542519
"GRIN2D","M3",2.9619786323917
"S100P","M3",2.96028849154064
"TXLNB","M1",2.95968998347236
"IGHV1-69","M3",2.9592603828152
"GNLY","M3",2.95874582591387
"TMOD1","M1",2.95812751636292
"SVOP","M3",2.95704535627591
"FAM176A","M3",2.95585958719231
"SMOC2","M1",2.95448177458112
"LRRC4B","M3",2.95405745503441
"PI16","M1",2.95386111510926
"CYYR1","M1",2.95304465990636
"TBX2","M1",2.95146392616438
"NCRNA00087","M1",2.95127775726953
"SDC1","M3",2.94701726169333
"LAMC3","M3",2.94631419129713
"SGK1","M3",2.94604037526588
"FILIP1L","M1",2.9449494622098
"CHGB","M1",2.9443745801093
"GPR171","M3",2.94005606662282
"MS4A6E","M3",2.93969851165812
"KANK1","M1",2.93821661563189
"RBP4","M1",2.92994635673264
"FNDC5","M4",2.92513182572972
"PRPH","M1",2.92485900550751
"NETO2","M3",2.92190858010565
"FAM133A","M1",2.92177189870962
"FBXL16","M3",2.92128754529223
"FAM13C1","M1",2.91746079194549
"CSTA","M3",2.91590592581912
"BCL2L14","M3",2.91351142948298
"RAPH1","M3",2.91346155032447
"TNFRSF17","M3",2.91215910883194
"PTGER3","M1",2.91186610309649
"UBL4B","M3",2.9115750400905
"TNNT3","M1",2.9101301544095
"CLU","M1",2.90924094387702
"ASPM","M3",2.90779710942081
"LOC100131004","M1",2.90743948609049
"DPY19L2P2","M1",2.90616774941512
"MAMDC2","M1",2.90490130054912
"LOC392787","M1",2.90322463805234
"DLEU7","M1",2.90283196763504
"SRPX","M1",2.90215449696406
"CROCCL2","M2",2.90179974778283
"FOSB","M3",2.89995390335819
"DGKI","M3",2.89925960725183
"CAV3","M1",2.89804030227882
"CD33","M3",2.89733682102414
"LUZP2","M1",2.89559935806759
"CD8A","M3",2.89257635889351
"TARP","M3",2.89185867583779
"APOC4","M3",2.8914669458986
"EYA2","M3",2.88829379150997
"PPIF","M3",2.88684465209829
"GRAP2","M3",2.88636390904659
"HLA-DMB","M3",2.88581837613236
"CALB2","M1",2.88543310405674
"SOSTDC1","M1",2.88441774987225
"STMN2","M1",2.88433908494374
"PPP1R14C","M3",2.88363504850634
"LOC100131138","M1",2.88213308734581
"ID4","M1",2.88125752862158
"ITGB4","M1",2.8793744950138
"GPR132","M3",2.87833274406938
"LOC284244","M1",2.87703988950077
"LGALS9","M3",2.87585442011581
"LIPG","M3",2.87559003769952
"PRAMEF3","M2",2.87503361371048
"TMTC1","M1",2.87321152633233
"SLC7A14","M3",2.87256152671782
"LOC642929","M2",2.86914762315054
"ALOX15B","M3",2.86844979370079
"CACNA1H","M1",2.86825488555245
"TBX15","M1",2.86811749215647
"MRVI1","M1",2.86724338773198
"HLA-DRB6","M3",2.86705120801497
"SEMA3G","M1",2.86622169940755
"PDK4","M1",2.86491203873438
"EGFL6","M3",2.86262291879604
"PCSK9","M4",2.86030732398939
"LOC731724","M3",2.85855828772627
"FHL1","M1",2.8584079162935
"LYN","M3",2.85527766697727
"LGMN","M3",2.85325816530443
"ZIC2","M4",2.85288856399742
"CRISPLD1","M1",2.84840020666063
"PPP2R2B","M1",2.84549265901999
"WNT2B","M3",2.84304421957885
"TACC3","M3",2.84253713789938
"DOK3","M3",2.84227228388805
"SSTR2","M3",2.84185285493992
"LILRP2","M3",2.84115043436893
"ROPN1","M1",2.83971773351208
"TMEM213","M2",2.83870398235497
"CA9","M3",2.8384206780927
"ADAM28","M3",2.83837369728598
"STC1","M3",2.83548134461084
"SEMA6D","M1",2.83394144163241
"PFKFB4","M3",2.82811295750451
"ESM1","M3",2.82662907062013
"CD48","M3",2.82426637198163
"S100A9","M3",2.82272810210813
"CLDN19","M1",2.82159339776454
"CHMP4C","M1",2.81944339558564
"THEG","M2",2.81839923174908
"OAS2","M3",2.81727680750495
"CENPA","M3",2.81560418331258
"LAMA3","M1",2.81538025558961
"EPCAM","M3",2.81460072823688
"LOC728904","M3",2.81406843282913
"ALK","M3",2.81392222318368
"CYP3A7","M1",2.813625267529
"CPVL","M3",2.81337524255547
"MED18","M2",2.81327081343776
"NEBL","M4",2.81321648540603
"KIFC1","M3",2.8122991069641
"CAMP","M3",2.81128276521963
"WT1","M5",2.81054231556552
"ATPGD1","M1",2.81039042091534
"SUSD2","M1",2.8097105239848
"SLC15A3","M3",2.80568675301853
"HBA2","M1",2.8037554993247
"PAQR9","M3",2.80296119227306
"BMPR1B","M1",2.79745263598494
"LOC729983","M3",2.79637602561853
"SELP","M1",2.79609541374755
"PIP","M2",2.78964522897274
"AGT","M1",2.78812930768527
"TMCO5A","M6",2.78714018706616
"ID1","M1",2.78708258078425
"VEGFA","M3",2.78694021673578
"IL18","M3",2.78392200032189
"EMILIN2","M3",2.78049673288932
"SEPP1","M1",2.77981544886251
"DDX43","M2",2.77899830240098
"PLCB2","M3",2.77579819929416
"CFB","M3",2.77534253211219
"AIF1","M3",2.77350736771517
"MYOCD","M1",2.77266489291569
"PTPRZ1","M1",2.77142166119723
"GAB1","M5",2.7618547036519
"LRP1B","M4",2.76182689877751
"MPO","M3",2.76048148692663
"DGAT2","M3",2.75987151387357
"DENND2D","M3",2.75916744875282
"EMCN","M1",2.75886757124002
"SIGLEC11","M3",2.75820091609638
"TIGIT","M3",2.7578603465636
"P2RX7","M3",2.75768424310741
"BTK","M3",2.75081338687934
"MYPN","M1",2.7470526090381
"ENC1","M3",2.74569296400341
"NDST3","M1",2.74430240572736
"LOC541473","M3",2.74413516447973
"TRH","M3",2.73607207681791
"RNASE3","M3",2.73551121667126
"FCER1G","M3",2.73335240093989
"JAKMIP2","M3",2.73297429555218
"FAM134B","M4",2.73152031163321
"LOC100134331","M3",2.73000541441814
"CSRP1","M1",2.7286450495994
"NTRK3","M1",2.72801966798246
"LOC90586","M1",2.727762548341
"TUSC5","M1",2.72566114814852
"RSPO2","M3",2.72492978806931
"ADAMTSL3","M4",2.72383050833847
"CRABP1","M4",2.72336817417829
"RPS6KA1","M3",2.72125349713108
"CADM2","M1",2.7205991899562
"C4orf31","M4",2.72026936132566
"ADFP","M3",2.71905114771945
"GTSF1","M3",2.71666213038282
"OLFML2A","M1",2.71656120485624
"BDKRB1","M3",2.71441089876427
"GMIP","M3",2.71374145778176
"ACADL","M1",2.71295137054452
"TRIM49","M2",2.71284118613355
"EVI2B","M3",2.7128327466658
"PHACTR3","M1",2.71274599609934
"CA2","M3",2.71167487651321
"SERPINB4","M3",2.70582977463877
"NOD2","M3",2.70482065753394
"ITIH5","M1",2.70428323464602
"RAB9B","M1",2.7011154902789
"PTPRB","M1",2.7006085483415
"IGF2BP3","M3",2.69827532757746
"KRT6A","M2",2.69754004095911
"TACC2","M1",2.69672078376301
"C21orf96","M3",2.69608197189418
"SSX3","M3",2.69597494024739
"PROM1","M4",2.69530259080755
"MAB21L2","M3",2.6939443785432
"CDON","M1",2.69351975888418
"C4orf48","M3",2.69249613122651
"CAMK2B","M1",2.69194502778748
"C20orf200","M1",2.69141717600486
"HLA-DQB2","M3",2.69056323520044
"SEMA3B","M1",2.6889584539956
"PLK5P","M1",2.68696581026721
"ABCA10","M1",2.68689551201015
"MTTP","M1",2.68531296197233
"CYTH4","M3",2.68415764433515
"TRAF3IP3","M3",2.68225961439323
"MMRN1","M1",2.682140659625
"LIFR","M1",2.68054149192441
"ZNF385B","M1",2.68026555234637
"TRPC1","M1",2.67933385305548
"SPINT1","M3",2.67878920775952
"MAGEB6","M3",2.67693458332975
"KIF20B","M2",2.67609607534896
"BEAN","M3",2.67596178678386
"SEC14L5","M1",2.67467643986571
"LOC124220","M3",2.67286997395072
"LOC644662","M1",2.67284198835107
"CISH","M3",2.67185237047035
"APOLD1","M1",2.67009351303398
"RUNX1T1","M1",2.66978983417702
"LOC400456","M1",2.66942012485376
"JAKMIP1","M3",2.66858408221273
"LIX1","M3",2.66812488713803
"P2RY8","M3",2.66753821234377
"FBP2","M1",2.66627544840809
"PVRL4","M3",2.66588475164896
"PGR","M1",2.66541309252666
"MCOLN2","M3",2.66454757123078
"LOC387763","M1",2.6643748769808
"TK1","M3",2.6641226043988
"DAPP1","M3",2.66049435824969
"NEGR1","M1",2.65905051005292
"CYBB","M3",2.65903897031155
"ADCY2","M4",2.65856668456073
"IFIT2","M3",2.65772001752233
"SPON1","M4",2.65766706809492
"HCST","M3",2.65712857560128
"STAB1","M3",2.65685463472455
"FAM101A","M4",2.65525142401869
"FMOD","M4",2.65516404011868
"TMEM149","M3",2.65495000007332
"HDC","M1",2.65321552583758
"FLJ35379","M2",2.65305012255681
"POTEB","M2",2.65091978453086
"SHCBP1","M3",2.65060782015797
"MX2","M3",2.65033066463103
"ZIC1","M1",2.64964586000545
"SYTL2","M1",2.64959814547146
"SMARCA4","M3",2.64912888708217
"MOSPD2","M4",2.64788172246228
"LOC100129014","M3",2.64685220479251
"KLK1","M4",2.64654239978722
"APOBEC3H","M3",2.64605012201474
"CD80","M3",2.64502891117534
"P704P","M2",2.64410587239815
"PLEKHA6","M4",2.6437333663483
"C11orf45","M3",2.64352560849348
"TNFAIP8L2","M3",2.64324789690893
"LYPD6","M1",2.64287943388102
"ST6GALNAC1","M1",2.64058025592674
"KLRD1","M3",2.63935031682944
"CLECL1","M3",2.63785642541401
"PTPRC","M3",2.63602371155438
"CFI","M4",2.6348103793821
"PAX4","M2",2.63397772198548
"MYH7B","M1",2.632168385235
"KIAA1324L","M1",2.62851712037672
"SOX10","M1",2.62795361559336
"CCDC68","M4",2.62794986754172
"GPR18","M3",2.62764921567783
"GPR109B","M3",2.62643910130334
"LOC442461","M2",2.6262734472304
"PBX1","M1",2.62486303428551
"ITGAL","M3",2.62383915172595
"GZMA","M3",2.62351236129506
"MMP19","M3",2.6218110227396
"FAM110C","M1",2.62142779181789
"AGXT2L1","M3",2.6193244484051
"KIF26A","M1",2.61771404998922
"GLT1D1","M3",2.61674585751229
"LOC100128893","M1",2.61600255846939
"SEMA3E","M1",2.61465721689616
"HBA1","M1",2.61360032729036
"C20orf166","M1",2.61194047589143
"IP6K3","M1",2.61109301399306
"GPR83","M4",2.61107549097358
"KANK3","M1",2.6106390667779
"LGI2","M1",2.61015805599055
"FCN1","M3",2.60997929903354
"CD2","M3",2.60962679035276
"C10orf107","M1",2.6096049381345
"BEND7","M1",2.6091560139056
"TRPV4","M3",2.60764688460719
"SPRY1","M1",2.60549158640435
"DKK2","M1",2.60458873317381
"CD1C","M2",2.60328382615071
"SRGN","M3",2.60238412319991
"TNFSF11","M3",2.60144675595634
"ADARB1","M1",2.6010834338329
"STAC","M1",2.59898607000296
"CMTM2","M3",2.59868234872105
"HCLS1","M3",2.59789013409169
"KIF19","M1",2.5967160462412
"SOBP","M1",2.59637548852399
"MME","M1",2.59634941273683
"S100Z","M3",2.59577419636005
"OSCAR","M3",2.59528115752284
"CACNA1E","M3",2.59493412608279
"IL33","M1",2.59425806839054
"SGEF","M1",2.59238828041196
"IL10RA","M3",2.59151211917361
"KRT72","M1",2.5910798054742
"MYH2","M1",2.59104477044948
"VIPR2","M1",2.58932066112669
"HOXA2","M2",2.58752023550494
"TNFRSF1B","M3",2.58704355279694
"PDE1C","M1",2.58700245390781
"DLK1","M1",2.58646155366263
"FRY","M1",2.58437336476829
"IRF4","M3",2.58198594735503
"C1orf133","M1",2.58110912408616
"CCDC67","M3",2.58090490392112
"APBB1IP","M3",2.58084930677277
"NLRP3","M3",2.58078407493098
"PCDHB5","M4",2.57990229728233
"TBX21","M3",2.57888603728955
"GRIK3","M1",2.57438687459574
"LOC388630","M1",2.57426536586622
"EBF1","M1",2.5730969452457
"HHIP","M3",2.57302721371139
"KLHL34","M1",2.57285105174215
"NCF1","M3",2.5717664305157
"KCNJ6","M3",2.57165839426882
"MFSD4","M1",2.56961310833932
"SLC1A2","M3",2.56913459644008
"ECM2","M1",2.56809926726938
"LOC642413","M3",2.56335188762633
"CX3CL1","M1",2.56320401955238
"FASLG","M3",2.56260107588039
"PAX6","M3",2.55907853323755
"C7orf41","M1",2.55852008997521
"LOC283481","M1",2.55836097342778
"SRPK3","M1",2.55800957043183
"ANO3","M4",2.55652111295131
"PRDM1","M3",2.55611927972506
"MEIS1","M1",2.55410442014922
"BMP15","M2",2.5523670247105
"FMO3","M1",2.55148346401951
"LOC348751","M3",2.54887793812659
"C13orf18","M3",2.5486470716362
"TNFAIP6","M3",2.54808085356938
"SLC12A8","M3",2.54787432578779
"HBM","M1",2.54607550589278
"USHBP1","M1",2.54571540027285
"QPRT","M3",2.54552331256412
"FLJ43093","M2",2.54417955522689
"CMIP","M3",2.5432080334304
"CHN2","M3",2.54253120014761
"RNF112","M1",2.54248720496388
"RHBDF2","M3",2.5424119674361
"LOC401233","M3",2.54193727740377
"ANGPT1","M1",2.54187142161553
"HIGD1B","M1",2.5411772891637
"MYO5B","M4",2.53996236964095
"C3","M1",2.5388989941506
"CNR1","M1",2.53879300679779
"EPHA7","M4",2.53804643694752
"TLE2","M1",2.53714882935306
"PDGFRL","M1",2.53659693913718
"PTX3","M3",2.53481829454689
"GLYATL1","M2",2.53440920888565
"GTF2H4","M5",2.53439258129106
"SLC25A27","M1",2.53428734162674
"DPF3","M1",2.5339059086496
"MEST","M3",2.53348312119126
"A1CF","M2",2.53314216573782
"SPAG8","M1",2.53032202572113
"CTSZ","M3",2.53032133502361
"VNN1","M3",2.52354129945588
"NDUFA4L2","M3",2.52301478360169
"PALMD","M1",2.52299817706925
"TSPAN2","M1",2.52202425254459
"CST9","M3",2.52187112298214
"OAS3","M3",2.52126395239898
"BEST3","M1",2.52124962902041
"RGS9","M1",2.5184905121648
"CD1D","M3",2.5174379369871
"GZMH","M3",2.5158004868321
"PCK1","M1",2.5147631322434
"PRINS","M1",2.51464650800337
"PRLR","M3",2.51077454568826
"GUCY1A3","M1",2.51014443664687
"C10orf90","M3",2.50888414952689
"SULT1C2","M3",2.50699198780021
"HLA-DQA1","M3",2.50391035356779
"SEMA7A","M3",2.50283062309001
"TMEM26","M3",2.50262899710262
"HSPA12B","M1",2.50257210035179
"MPEG1","M3",2.50242382390206
"LRIG3","M1",2.50218520435684
"HS3ST1","M3",2.50209405231882
"HS6ST3","M1",2.5019770417457
"TNFAIP3","M3",2.50187103790847
"PAQR5","M3",2.50153893381683
"ELMOD1","M4",2.50152329573835
"LRRN1","M4",2.49998465246148
"IGF2","M4",2.49934444745165
"IL18RAP","M3",2.49729457316785
"CLIC6","M4",2.49571318150361
"TTYH3","M3",2.49469687021491
"CBX7","M1",2.49468902746838
"BATF","M3",2.49455482234662
"FOSL1","M3",2.49263512635114
"UBASH3A","M3",2.49263126474555
"GABRR1","M3",2.49143454139521
"ZAK","M1",2.49136233568651
"C20orf39","M4",2.49134715974013
"ESCO2","M3",2.49126794312801
"MASP1","M1",2.48864446305699
"ADRA1B","M1",2.48822253091007
"BDKRB2","M1",2.48677883880098
"KCNJ16","M1",2.48638226324747
"GAS2","M1",2.48604212155803
"LOC388002","M1",2.4859909914236
"C21orf135","M1",2.48550558246493
"IGLV6-57","M3",2.48338786839608
"FAT2","M3",2.48156518298614
"PITX1","M2",2.48133335631191
"KCNJ15","M3",2.47757999291743
"SV2B","M1",2.47755090744827
"SH3TC1","M3",2.4767504817033
"FCGR2B","M3",2.4763255826883
"FAM78A","M3",2.47404110554187
"SPINK2","M3",2.47334827962092
"KIAA1210","M3",2.47331341630748
"ENO3","M1",2.47235488395307
"PROX1","M1",2.47210211311096
"SNX20","M3",2.47196200628272
"FAM150A","M5",2.47186507228675
"KCNE3","M3",2.47142676907669
"MYOM2","M1",2.47018096326691
"GK","M3",2.47006058604045
"RBM11","M1",2.46913257508665
"CENPF","M3",2.46827395809056
"GNGT2","M3",2.46463993579484
"ABLIM2","M1",2.46419530361278
"IL8RBP","M3",2.46309692319609
"TEX11","M3",2.45938262816887
"DSTN","M1",2.45933154129792
"CD8B","M3",2.45887153042059
"COL4A5","M1",2.45807471324916
"TMEM37","M3",2.45793952940683
"IFIT3","M3",2.4578272060488
"FABP3","M1",2.45780663153363
"IRF6","M1",2.45674111000624
"GGTA1","M1",2.45657397446397
"NCR1","M2",2.45581240059663
"LHFPL2","M3",2.45580739546348
"GABRA4","M1",2.45406284459291
"LOC202451","M1",2.45392536217603
"IKZF1","M3",2.4538883728812
"SALL1","M3",2.45141386527146
"CCR2","M3",2.45037347927536
"GNG4","M3",2.44484808586003
"TDRD10","M2",2.44481450572422
"LAIR2","M3",2.44336537198881
"NTN4","M1",2.44332268469403
"PCDH18","M1",2.44256124819132
"F3","M4",2.4424026341613
"PACSIN3","M1",2.44159321280714
"GRAMD1C","M3",2.43976942558175
"UPK3A","M2",2.43924854902508
"FLT3","M3",2.43636448144047
"EGF","M1",2.43563161018278
"HOPX","M3",2.43365594977472
"SERTAD4","M1",2.43342797661643
"GRID1","M1",2.43283543881311
"ICOS","M3",2.43251841240691
"LOC643988","M3",2.43083064361205
"KRT6C","M2",2.43078535893813
"SDK1","M1",2.43067028482018
"MAGEC1","M2",2.42975948746972
"TCEAL7","M1",2.4238150999007
"SLMAP","M1",2.42344619953221
"NKX6-2","M1",2.42341847826976
"CHRDL1","M1",2.4221040862859
"SOCS3","M3",2.42149537830566
"ITGAM","M3",2.42081554930714
"ALDH1A1","M1",2.42062444488556
"KRTAP4-2","M3",2.42029615804339
"SOX2","M1",2.41957580141101
"NUP210","M3",2.41843665320651
"GRRP1","M1",2.41686280124951
"COL22A1","M3",2.41606753585592
"UGT2B11","M2",2.41591988933504
"NR4A1","M1",2.41567191117277
"HLA-DPB2","M3",2.41453454211876
"PTPN3","M1",2.41267868418994
"CDC2","M3",2.40954389701459
"OR4F4","M3",2.40944573047312
"ZNF536","M1",2.4081676793493
"TNNT2","M1",2.40813385923926
"MT1JP","M1",2.40796004585085
"RDH10","M3",2.40776094749999
"SPINK1","M3",2.40733464264031
"KIAA1755","M3",2.40668937529097
"SEC14L2","M3",2.40578869846648
"TRAT1","M3",2.40541859040181
"C5orf15","M4",2.40519087680304
"LAG3","M3",2.40489942662541
"VWF","M1",2.40417060037422
"LST1","M3",2.40405488948082
"C3orf52","M3",2.40182817009235
"C9orf125","M1",2.40119446260881
"FAM12A","M3",2.40005952175997
"BTNL3","M5",2.39989249147303
"ADCYAP1","M1",2.39966643810323
"ITK","M3",2.39590156477868
"ACTG2","M1",2.39540110043174
"PSMAL","M1",2.39324242173436
"GUCA2B","M3",2.39266891599565
"GPR34","M3",2.39173110468062
"B3GNT5","M3",2.39169013859587
"TIMD4","M3",2.39117312118858
"AQP4","M3",2.38803087271465
"ANGPTL5","M1",2.3869918469317
"CCDC102B","M1",2.3855077670686
"ERP27","M3",2.38540769241457
"IL13RA2","M3",2.38461874988886
"ZCCHC18","M1",2.38329049768834
"IGFBP2","M3",2.38316106245595
"C6orf115","M3",2.38293709302253
"KRT27","M1",2.38258744309563
"IFIT1","M3",2.38103630140783
"PRICKLE3","M4",2.3795468654126
"COL7A1","M3",2.37693763759102
"C10orf140","M1",2.37630346631069
"KCNQ1","M3",2.37571004570967
"SHE","M1",2.37457278058585
"NAPSA","M3",2.37444432976176
"TRIM14","M3",2.37426152554578
"ARHGAP9","M3",2.37278079046932
"OSBPL3","M3",2.37132248607799
"CSF3R","M3",2.37059267521064
"STK33","M4",2.36952065760381
"IFI44L","M3",2.36924368149022
"CYP4F8","M1",2.36920180239283
"KCNN3","M1",2.36898229304803
"SLC2A9","M1",2.36825828304899
"HLA-DRB3","M3",2.36806809409711
"F2RL1","M3",2.36705742309973
"PTPRO","M3",2.36688465469358
"HAL","M3",2.3650200769572
"LOC339240","M1",2.36470756843642
"TAS2R38","M2",2.36396334185052
"SYT4","M3",2.36203333891312
"CLDN1","M1",2.36036297241639
"WSCD2","M1",2.36020272087514
"REG1A","M3",2.36017149093274
"ANKRD29","M1",2.35986225883568
"SOX5","M1",2.35847754489577
"TCF21","M3",2.35778560352579
"ANXA8L2","M3",2.35748644145818
"ZMYND15","M3",2.355660291771
"PGM5","M1",2.35289177940194
"FGF7","M1",2.35230357444701
"BVES","M1",2.35159531231458
"MGC16025","M3",2.35152530017392
"KY","M1",2.3496084279127
"IL17RD","M1",2.34916152694589
"NLGN1","M1",2.34816892705433
"PLTP","M3",2.34793196818157
"FLJ42875","M1",2.34768318738821
"LILRB5","M3",2.34718958789789
"PHLDA1","M3",2.34635194423741
"NXPH3","M1",2.3450917809951
"SAMD3","M3",2.34493474074358
"SLC47A1","M3",2.34439756113036
"GJA5","M1",2.34404812258015
"FAM181B","M1",2.34382305634545
"LIMS2","M1",2.3418202138008
"C1orf64","M3",2.3417807803519
"VEPH1","M3",2.34152776840832
"FGD3","M3",2.34124243125515
"PDE6B","M3",2.34104129586645
"BLK","M3",2.34088405213729
"SLC6A1","M3",2.34019517059057
"FAM47A","M2",2.33982563656958
"ITIH1","M1",2.33978092702296
"BUB1B","M3",2.33798578111403
"CLEC12B","M3",2.33780523946393
"SLC27A2","M3",2.33706116155154
"ETV7","M3",2.33655883575188
"PKD1L2","M1",2.33601376455604
"HBQ1","M1",2.3305458564844
"TRIM36","M1",2.32848635435994
"IGF1","M1",2.32767939459032
"NLGN4Y","M1",2.3270134530777
"C3orf57","M5",2.32604049937287
"GTSE1","M3",2.32548942421523
"C6orf112","M1",2.3250743874654
"CHP2","M4",2.32475680922384
"NRXN3","M1",2.32339762427876
"SCN2A","M3",2.32261771439376
"OLFM1","M1",2.32233278619818
"MYD88","M3",2.3222776749391
"C12orf28","M1",2.3212485723728
"SALL4","M3",2.31946990411469
"CD247","M3",2.31935420307083
"SHC4","M1",2.31772840493099
"ITM2A","M1",2.3166276839836
"HMGCS2","M1",2.31661594878835
"KRT25","M2",2.31619355877646
"RIPK4","M4",2.3158813837746
"SPAG4","M3",2.31275104427436
"MOXD1","M4",2.31115083737918
"COL4A3","M4",2.3108190081401
"LOC286272","M3",2.30954048376307
"SLIT2","M1",2.30932148350041
"MAFF","M3",2.30885859744516
"HCN1","M1",2.30666908868904
"INSL3","M3",2.30634169606755
"CYFIP2","M1",2.3050002479803
"THNSL2","M1",2.30451720610902
"STAT1","M3",2.30322768879344
"LRRTM1","M1",2.30313787355844
"HOXA4","M3",2.30173828196695
"NCRNA00086","M1",2.29894604396183
"FGF18","M1",2.29856871405652
"IRF7","M3",2.29777101165895
"ADAMTS9","M1",2.29704241091471
"SPTY2D1","M3",2.2966883968263
"GRAMD1B","M3",2.29661407866976
"RHOXF2","M5",2.29544007141124
"WNK2","M1",2.29392131387491
"NKG7","M3",2.29311782178569
"GPR143","M3",2.29309994255957
"CAMKV","M5",2.2885674164639
"IQCA1","M3",2.2875135015962
"ZNF853","M1",2.28699750409787
"DNER","M1",2.28562766841528
"CAV1","M1",2.28333777281138
"PLVAP","M1",2.27838909638211
"RP5-886K2.1","M2",2.27763512744184
"NLRP11","M5",2.27693665474456
"C7","M4",2.27456320500008
"GBX2","M3",2.27419818508012
"VNN3","M3",2.27383182328103
"HSPA6","M3",2.27262206695975
"MYLK2","M1",2.27128498161237
"RAD54L","M3",2.27028375747836
"LOC440900","M3",2.26976605247263
"PRSS36","M3",2.26957448312748
"RDH12","M3",2.26917097151478
"GRIN3A","M3",2.26903119952709
"LOH3CR2A","M1",2.26842350495708
"NPTX1","M3",2.26841614564243
"OSBPL6","M1",2.26769070534603
"CYP1B1","M3",2.2669133158419
"CDT1","M3",2.26688668759745
"PNOC","M3",2.26631677505576
"C6orf155","M1",2.26558081279062
"IL17D","M1",2.26554195366613
"MN1","M1",2.2643901676256
"LOC641467","M1",2.26281544564851
"TIE1","M1",2.26229417091986
"TBC1D2","M3",2.26150979426759
"CRYM","M1",2.26053096850703
"PRKCQ","M3",2.25986299914003
"TMEM180","M3",2.2575026714217
"GBGT1","M3",2.25740158494741
"LDLR","M1",2.25631801488878
"C22orf31","M2",2.25429786100946
"CXADR","M3",2.25375297120408
"VENTX","M3",2.25358128527313
"GFPT2","M3",2.25121314751808
"C19orf33","M1",2.25118276608451
"SAT1","M3",2.25088249678719
"PTCH1","M1",2.25012158279797
"RASAL3","M3",2.24955118975651
"TMC7","M1",2.2479816142334
"VSNL1","M3",2.24644234491337
"OCC-1","M1",2.24213067145267
"SPINT2","M3",2.24157503528634
"NUDT10","M1",2.24032742021942
"STARD9","M1",2.23956157283898
"FHAD1","M3",2.2373426193185
"LOC142937","M3",2.23722437246173
"SGCD","M1",2.23696855995797
"C9orf3","M1",2.23616198587938
"KRT33A","M3",2.23496224969812
"LOC644192","M1",2.23436295154596
"STARD6","M5",2.23355137140181
"ACRBP","M3",2.23283166109652
"TUBB2B","M1",2.23254580201118
"F9","M3",2.23219769005507
"LAMB3","M3",2.23201198786521
"ISG20","M3",2.23136950909979
"DMPK","M1",2.22959977605794
"EDIL3","M1",2.22927705572583
"LRCH2","M1",2.22907522899661
"DPEP2","M3",2.22792998953848
"SOX3","M3",2.22774092236724
"SLC25A41","M1",2.22637265779756
"DUX2","M2",2.22509527051324
"SPI1","M3",2.2248573792717
"UHRF1BP1","M5",2.22390778618491
"PLXNC1","M3",2.22298628698103
"CD5L","M3",2.22264661482274
"TINAGL1","M1",2.22247899539883
"C9orf150","M1",2.22230100491609
"CRIP2","M1",2.22092294770174
"CAMK2G","M1",2.22013622667482
"FAM19A5","M4",2.22011959315635
"CLDN10","M1",2.21951359535287
"LSDP5","M3",2.21910329177188
"BATF2","M3",2.21782740858998
"PIP3-E","M3",2.2145169787016
"COX6A2","M3",2.21444086422494
"PPP1R3A","M1",2.21433884879716
"LOC728705","M1",2.21363000105085
"GZMK","M3",2.21303679994093
"P2RY6","M3",2.21280223218638
"LTBP4","M1",2.21136625816033
"UBASH3B","M3",2.21079960809914
"NMU","M3",2.21004188241669
"TAGAP","M3",2.20799380117588
"SUNC1","M3",2.20752668987168
"GAPT","M3",2.2050844274036
"SLC7A9","M3",2.20451762922731
"AADAC","M5",2.20299298646258
"NEK2","M3",2.20292214797766
"ZNF323","M1",2.20219603204577
"GPER","M1",2.20180041820952
"SH2D1A","M3",2.20143942369222
"CLDN23","M3",2.20082366757666
"SYTL5","M3",2.19914105293148
"RASIP1","M1",2.19889959071405
"KCNG4","M3",2.19835617671391
"IGKV2-24","M3",2.19763464665186
"SOD3","M1",2.1951997204318
"GEFT","M1",2.19479370387812
"HOXD10","M1",2.19100477757738
"BIC","M3",2.19057882084405
"GPR158","M3",2.18948786525064
"ACCN5","M3",2.18918438663523
"FLJ44087","M1",2.18913678013861
"KIAA0125","M3",2.1882962093281
"FRS3","M5",2.18803290977886
