"ID","Description","GeneRatio","BgRatio","RichFactor","FoldEnrichment","zScore","pvalue","p.adjust","qvalue","geneID","Count","target_gene","source"
"GO:0050863","regulation of T cell activation","14/137","393/18986",0.0356234096692112,4.93683252539886,6.72341482991295,9.91638704491212e-07,0.00252173722552115,0.00215759705492983,"10808/6046/1236/7040/864/6655/814/673/399/923/1604/3659/4092/7805",14,"SIRT1","GO_BP"
"GO:0031396","regulation of protein ubiquitination","10/137","205/18986",0.0487804878048781,6.76019227345558,7.06929299003941,2.41130808401642e-06,0.00306597822882688,0.00262324937350629,"3320/3301/1407/330/3304/65125/4092/83593/3303/7805",10,"SIRT1","GO_BP"
"GO:0006401","RNA catabolic process","13/137","412/18986",0.0315533980582524,4.37279427397066,5.90074933886166,9.18182289303142e-06,0.00395587391907219,0.00338464366195013,"56829/3304/246175/3183/22882/7503/26986/10865/3669/23112/27161/55544/3303",13,"SIRT1","GO_BP"
"GO:0045580","regulation of T cell differentiation","9/137","191/18986",0.0471204188481675,6.53013337409715,6.54866163517134,1.03465553170478e-05,0.00395587391907219,0.00338464366195013,"6046/7040/864/6655/814/673/399/3659/4092",9,"SIRT1","GO_BP"
"GO:0046631","alpha-beta T cell activation","9/137","196/18986",0.0459183673469388,6.36354833904365,6.43484768974659,1.27285666372755e-05,0.00395587391907219,0.00338464366195013,"10808/6046/864/673/1604/3659/4092/919/6775",9,"SIRT1","GO_BP"
"GO:1903320","regulation of protein modification by small protein conjugation or removal","10/137","248/18986",0.0403225806451613,5.58806216152578,6.2003319840585,1.29567022155353e-05,0.00395587391907219,0.00338464366195013,"3320/3301/1407/330/3304/65125/4092/83593/3303/7805",10,"SIRT1","GO_BP"
"GO:0007159","leukocyte cell-cell adhesion","13/137","430/18986",0.0302325581395349,4.18974707180445,5.70387133532603,1.44562477546639e-05,0.00395587391907219,0.00338464366195013,"10808/6046/1236/7040/7430/864/399/923/1604/65125/3659/4092/7805",13,"SIRT1","GO_BP"
"GO:1901873","regulation of post-translational protein modification","10/137","253/18986",0.0395256916996047,5.47762615042843,6.11259823110691,1.5401376289219e-05,0.00395587391907219,0.00338464366195013,"3320/3301/1407/330/3304/65125/4092/83593/3303/7805",10,"SIRT1","GO_BP"
"GO:0045785","positive regulation of cell adhesion","14/137","499/18986",0.0280561122244489,3.8881266181999,5.57384270275656,1.54397401754033e-05,0.00395587391907219,0.00338464366195013,"10808/6046/1236/7040/864/288/673/9806/399/923/1604/2043/4092/6789",14,"SIRT1","GO_BP"
"GO:1903706","regulation of hemopoiesis","13/137","433/18986",0.0300230946882217,4.16071880109911,5.67210370724846,1.55559336180582e-05,0.00395587391907219,0.00338464366195013,"6046/7994/7040/3304/864/6655/814/673/399/3659/23186/4092/3303",13,"SIRT1","GO_BP"
"GO:0141188","nucleic acid catabolic process","13/137","441/18986",0.0294784580498866,4.08524090901567,5.58877189485483,1.88560774507381e-05,0.00435918226883881,0.00372971407566274,"56829/3304/246175/3183/22882/7503/26986/10865/3669/23112/27161/55544/3303",13,"SIRT1","GO_BP"
"GO:0030217","T cell differentiation","11/137","320/18986",0.034375,4.76382299270073,5.78895237226766,2.10842111387694e-05,0.00446809574382422,0.00382290038805582,"6046/1236/7040/864/6655/814/673/399/3659/4092/6775",11,"SIRT1","GO_BP"
"GO:0031397","negative regulation of protein ubiquitination","6/137","81/18986",0.0740740740740741,10.2654771559881,7.1243194600397,2.6330167541845e-05,0.00503416081143222,0.00430722536466684,"3301/1407/3304/65125/4092/3303",6,"SIRT1","GO_BP"
"GO:1903037","regulation of leukocyte cell-cell adhesion","12/137","392/18986",0.0306122448979592,4.24236555936243,5.53018964841838,2.77146092646681e-05,0.00503416081143222,0.00430722536466684,"10808/6046/1236/7040/864/399/923/1604/65125/3659/4092/7805",12,"SIRT1","GO_BP"
"GO:0045619","regulation of lymphocyte differentiation","9/137","223/18986",0.0403587443946188,5.59307387646886,5.88201530415345,3.53224722812404e-05,0.00598753454445188,0.00512293143340109,"6046/7040/864/6655/814/673/399/3659/4092",9,"SIRT1","GO_BP"
"GO:0060324","face development","5/137","53/18986",0.0943396226415094,13.0739567552679,7.50411119047614,3.95040712765425e-05,0.00598753454445188,0.00512293143340109,"7040/673/29123/6497/5604",5,"SIRT1","GO_BP"
"GO:0042026","protein refolding","4/137","27/18986",0.148148148148148,20.5309543119762,8.65802947524234,4.00267743828871e-05,0.00598753454445188,0.00512293143340109,"3320/3301/3304/3303",4,"SIRT1","GO_BP"
"GO:0006402","mRNA catabolic process","11/137","356/18986",0.0308988764044944,4.2820880833265,5.32954619528443,5.56632046789894e-05,0.00751154759391865,0.00642687620366738,"56829/3304/246175/3183/22882/26986/10865/23112/27161/55544/3303",11,"SIRT1","GO_BP"
"GO:1903321","negative regulation of protein modification by small protein conjugation or removal","6/137","94/18986",0.0638297872340425,8.84578350675571,6.50103801604497,6.11865091362095e-05,0.00751154759391865,0.00642687620366738,"3301/1407/3304/65125/4092/3303",6,"SIRT1","GO_BP"
"GO:0034728","nucleosome organization","7/137","140/18986",0.05,6.92919708029197,6.0030469171813,7.06558146659625e-05,0.00751154759391865,0.00642687620366738,"6046/7994/11177/1105/1106/4678/64061",7,"SIRT1","GO_BP"
"GO:0032608","interferon-beta production","5/137","60/18986",0.0833333333333333,11.5486618004866,6.97694023982522,7.22048447462112e-05,0.00751154759391865,0.00642687620366738,"3320/56829/3659/5966/7187",5,"SIRT1","GO_BP"
"GO:0032648","regulation of interferon-beta production","5/137","60/18986",0.0833333333333333,11.5486618004866,6.97694023982522,7.22048447462112e-05,0.00751154759391865,0.00642687620366738,"3320/56829/3659/5966/7187",5,"SIRT1","GO_BP"
"GO:0090084","negative regulation of inclusion body assembly","3/137","12/18986",0.25,34.6459854014599,9.93953012117518,7.71013624976693e-05,0.00751154759391865,0.00642687620366738,"3337/3304/3303",3,"SIRT1","GO_BP"
"GO:1900153","positive regulation of nuclear-transcribed mRNA catabolic process, deadenylation-dependent decay","3/137","12/18986",0.25,34.6459854014599,9.93953012117518,7.71013624976693e-05,0.00751154759391865,0.00642687620366738,"26986/23112/27161",3,"SIRT1","GO_BP"
"GO:1901874","negative regulation of post-translational protein modification","6/137","98/18986",0.0612244897959184,8.48473111872486,6.33311947744115,7.72605766174631e-05,0.00751154759391865,0.00642687620366738,"3301/1407/3304/65125/4092/3303",6,"SIRT1","GO_BP"
"GO:0000289","nuclear-transcribed mRNA poly(A) tail shortening","4/137","32/18986",0.125,17.3229927007299,7.87854036694633,7.97529630498638e-05,0.00751154759391865,0.00642687620366738,"246175/26986/23112/27161",4,"SIRT1","GO_BP"
"GO:0051085","chaperone cofactor-dependent protein refolding","4/137","32/18986",0.125,17.3229927007299,7.87854036694633,7.97529630498638e-05,0.00751154759391865,0.00642687620366738,"10808/3337/3304/3303",4,"SIRT1","GO_BP"
"GO:0060213","positive regulation of nuclear-transcribed mRNA poly(A) tail shortening","3/137","13/18986",0.230769230769231,31.9809096013476,9.52619055153834,9.97026261704027e-05,0.00905513494111907,0.0077475687328655,"26986/23112/27161",3,"SIRT1","GO_BP"
"GO:1903265","positive regulation of tumor necrosis factor-mediated signaling pathway","3/137","14/18986",0.214285714285714,29.696558915537,9.15711586479085,0.000126224562521572,0.0110685883618055,0.00947027842947695,"3304/3303/7805",3,"SIRT1","GO_BP"
"GO:0060211","regulation of nuclear-transcribed mRNA poly(A) tail shortening","3/137","15/18986",0.2,27.7167883211679,8.82482687417206,0.000156948275176039,0.0128748214120215,0.0110156904851909,"26986/23112/27161",3,"SIRT1","GO_BP"
"GO:0070424","regulation of nucleotide-binding domain, leucine rich repeat containing receptor signaling pathway","3/137","15/18986",0.2,27.7167883211679,8.82482687417206,0.000156948275176039,0.0128748214120215,0.0110156904851909,"330/3304/3303",3,"SIRT1","GO_BP"
"GO:0022409","positive regulation of cell-cell adhesion","10/137","336/18986",0.0297619047619048,4.12452207160236,4.92646321781319,0.000165948857137392,0.0131877482406371,0.0112834305165457,"10808/6046/1236/7040/864/288/399/923/1604/4092",10,"SIRT1","GO_BP"
"GO:0060323","head morphogenesis","4/137","39/18986",0.102564102564103,14.2137376005989,7.04221340017379,0.000175422004880127,0.0133368128967485,0.0114109701585691,"7040/673/29123/6497",4,"SIRT1","GO_BP"
"GO:0048872","homeostasis of number of cells","10/137","339/18986",0.0294985250737463,4.08802187627845,4.8909943272109,0.000178313660436276,0.0133368128967485,0.0114109701585691,"171023/1236/7040/3304/6655/6498/55904/23186/55690/3303",10,"SIRT1","GO_BP"
"GO:0002369","T cell cytokine production","4/137","40/18986",0.1,13.8583941605839,6.94031833241631,0.000193828312198631,0.0136918166089199,0.0117147111495488,"924/10865/1604/4092",4,"SIRT1","GO_BP"
"GO:0002724","regulation of T cell cytokine production","4/137","40/18986",0.1,13.8583941605839,6.94031833241631,0.000193828312198631,0.0136918166089199,0.0117147111495488,"924/10865/1604/4092",4,"SIRT1","GO_BP"
"GO:0033209","tumor necrosis factor-mediated signaling pathway","6/137","119/18986",0.0504201680672269,6.98742562718518,5.58577727638385,0.00022510951479691,0.0154717161115822,0.0132375922357102,"330/3304/7185/7187/3303/7805",6,"SIRT1","GO_BP"
"GO:0046634","regulation of alpha-beta T cell activation","6/137","122/18986",0.0491803278688525,6.81560368553309,5.49388104423072,0.000257635840441841,0.0172412616379895,0.0147516144651879,"10808/6046/864/1604/3659/4092",6,"SIRT1","GO_BP"
"GO:0030098","lymphocyte differentiation","11/137","426/18986",0.0258215962441315,3.57845858606628,4.58878173579842,0.000268522322119593,0.0174635151416772,0.0149417744470256,"6046/1236/7040/864/6655/814/673/399/3659/4092/6775",11,"SIRT1","GO_BP"
"GO:0090083","regulation of inclusion body assembly","3/137","18/18986",0.166666666666667,23.0973236009732,7.99625407142285,0.000277043335010393,0.0174635151416772,0.0149417744470256,"3337/3304/3303",3,"SIRT1","GO_BP"
"GO:0051084","'de novo' post-translational protein folding","4/137","44/18986",0.0909090909090909,12.5985401459854,6.56656396749772,0.000281558836338484,0.0174635151416772,0.0149417744470256,"10808/3337/3304/3303",4,"SIRT1","GO_BP"
"GO:0002718","regulation of cytokine production involved in immune response","6/137","126/18986",0.0476190476190476,6.59923531456378,5.37606579360592,0.000306631420956826,0.0184490816735503,0.0157850246576685,"7040/924/10865/1604/4092/7805",6,"SIRT1","GO_BP"
"GO:0002028","regulation of sodium ion transport","5/137","82/18986",0.0609756097560976,8.45024034181948,5.76397093389849,0.000317776549017911,0.0184490816735503,0.0157850246576685,"7040/288/483/65125/54800",5,"SIRT1","GO_BP"
"GO:0002367","cytokine production involved in immune response","6/137","127/18986",0.047244094488189,6.54727283177194,5.34740999718958,0.000319952433849805,0.0184490816735503,0.0157850246576685,"7040/924/10865/1604/4092/7805",6,"SIRT1","GO_BP"
"GO:0032479","regulation of type I interferon production","6/137","128/18986",0.046875,6.49612226277372,5.31906112813369,0.000333723066057143,0.0184490816735503,0.0157850246576685,"3320/56829/54941/3659/5966/7187",6,"SIRT1","GO_BP"
"GO:0032606","type I interferon production","6/137","128/18986",0.046875,6.49612226277372,5.31906112813369,0.000333723066057143,0.0184490816735503,0.0157850246576685,"3320/56829/54941/3659/5966/7187",6,"SIRT1","GO_BP"
"GO:0035710","CD4-positive, alpha-beta T cell activation","6/137","129/18986",0.0465116279069767,6.445764725853,5.29101333677392,0.000347953931634625,0.0188265286839756,0.0161079681229288,"6046/864/673/1604/4092/6775",6,"SIRT1","GO_BP"
"GO:0046632","alpha-beta T cell differentiation","6/137","133/18986",0.0451127819548872,6.25190714011306,5.18172132161397,0.000409696519640598,0.0217053801967925,0.018571111975814,"6046/864/673/3659/4092/6775",6,"SIRT1","GO_BP"
"GO:0006458","'de novo' protein folding","4/137","49/18986",0.0816326530612245,11.3129748249665,6.1623709154674,0.000427369602564392,0.0221796101902296,0.0189768629108614,"10808/3337/3304/3303",4,"SIRT1","GO_BP"
"GO:0039535","regulation of RIG-I signaling pathway","3/137","21/18986",0.142857142857143,19.7977059436913,7.34783681211857,0.000444455449133832,0.0226050041429467,0.0193408297549396,"56829/330/54941",3,"SIRT1","GO_BP"
"GO:0002218","activation of innate immune response","9/137","317/18986",0.028391167192429,3.93455985631721,4.49193540736209,0.000497807248085807,0.024822035919259,0.0212377209864471,"3320/56829/330/3304/54941/10614/3659/7187/3303",9,"SIRT1","GO_BP"
"GO:0010171","body morphogenesis","4/137","52/18986",0.0769230769230769,10.6603032004492,5.94692785663866,0.000537024022210881,0.0262625401631206,0.0224702156661921,"7040/673/29123/6497",4,"SIRT1","GO_BP"
"GO:1900151","regulation of nuclear-transcribed mRNA catabolic process, deadenylation-dependent decay","3/137","23/18986",0.130434782608696,18.0761662964138,6.98589732174361,0.000585614150242783,0.0280984298880641,0.0240410019573353,"26986/23112/27161",3,"SIRT1","GO_BP"
"GO:0050870","positive regulation of T cell activation","8/137","260/18986",0.0307692307692308,4.26412128017967,4.51805879652032,0.000607217675357678,0.0285954546006403,0.0244662560421895,"10808/6046/1236/7040/864/399/923/1604",8,"SIRT1","GO_BP"
"GO:1902305","regulation of sodium ion transmembrane transport","4/137","54/18986",0.0740740740740741,10.2654771559881,5.81283303611437,0.000620386180339963,0.0286844010291732,0.0245423585600517,"288/483/65125/54800",4,"SIRT1","GO_BP"
"GO:0050852","T cell receptor signaling pathway","6/137","149/18986",0.0402684563758389,5.58056140694655,4.78550089818695,0.000746685740787545,0.0339075328361201,0.0290112674099221,"1236/7430/673/65125/919/7805",6,"SIRT1","GO_BP"
"GO:1902105","regulation of leukocyte differentiation","9/137","337/18986",0.0267062314540059,3.70105482033399,4.2652255463845,0.000770420105256614,0.034371549608203,0.0294082799181056,"6046/7040/864/6655/814/673/399/3659/4092",9,"SIRT1","GO_BP"
"GO:0000288","nuclear-transcribed mRNA catabolic process, deadenylation-dependent decay","4/137","58/18986",0.0689655172413793,9.55751321419582,5.56455755409212,0.00081396991453775,0.0356883705632672,0.0305349512404633,"246175/26986/23112/27161",4,"SIRT1","GO_BP"
"GO:1903038","negative regulation of leukocyte cell-cell adhesion","6/137","153/18986",0.0392156862745098,5.43466437669959,4.69535189871324,0.000857368836328121,0.0366506908918806,0.0313583120117214,"7040/864/65125/3659/4092/7805",6,"SIRT1","GO_BP"
"GO:0043367","CD4-positive, alpha-beta T cell differentiation","5/137","102/18986",0.0490196078431373,6.79333047087448,5.00152932963789,0.000864743001774611,0.0366506908918806,0.0313583120117214,"6046/864/673/4092/6775",5,"SIRT1","GO_BP"
"GO:0070841","inclusion body assembly","3/137","27/18986",0.111111111111111,15.3982157339822,6.38269765135209,0.000947023220204601,0.0394800008029557,0.033779068095995,"3337/3304/3303",3,"SIRT1","GO_BP"
"GO:0001961","positive regulation of cytokine-mediated signaling pathway","4/137","61/18986",0.0655737704918033,9.08747158071078,5.39363021498584,0.000984630116539806,0.040385715909044,0.0345539974683833,"3304/7852/3303/7805",4,"SIRT1","GO_BP"
"GO:0009408","response to heat","5/137","106/18986",0.0471698113207547,6.53697837763394,4.87355859876573,0.00102826759546945,0.0412785052685782,0.0353178675787616,"3320/3301/3337/3304/3303",5,"SIRT1","GO_BP"
"GO:0002726","positive regulation of T cell cytokine production","3/137","28/18986",0.107142857142857,14.8482794577685,6.2517269609533,0.00105509352829634,0.0412785052685782,0.0353178675787616,"924/10865/1604",3,"SIRT1","GO_BP"
"GO:0039529","RIG-I signaling pathway","3/137","28/18986",0.107142857142857,14.8482794577685,6.2517269609533,0.00105509352829634,0.0412785052685782,0.0353178675787616,"56829/330/54941",3,"SIRT1","GO_BP"
"GO:1903039","positive regulation of leukocyte cell-cell adhesion","8/137","284/18986",0.028169014084507,3.90377300298139,4.20338561839894,0.00107562068116412,0.0414439907909144,0.0354594569053625,"10808/6046/1236/7040/864/399/923/1604",8,"SIRT1","GO_BP"
"GO:0002819","regulation of adaptive immune response","7/137","221/18986",0.0316742081447964,4.38953661194966,4.32099345863688,0.00112779829172755,0.0428058366546741,0.0366246515161171,"6046/7040/924/10865/1604/3659/4092",7,"SIRT1","GO_BP"
"GO:0035872","nucleotide-binding domain, leucine rich repeat containing receptor signaling pathway","3/137","29/18986",0.103448275862069,14.3362698212937,6.1273119949963,0.00117065430926668,0.0431445493980457,0.0369144539626883,"330/3304/3303",3,"SIRT1","GO_BP"
"GO:0070935","3'-UTR-mediated mRNA stabilization","3/137","29/18986",0.103448275862069,14.3362698212937,6.1273119949963,0.00117065430926668,0.0431445493980457,0.0369144539626883,"3183/10865/55544",3,"SIRT1","GO_BP"
"GO:0061013","regulation of mRNA catabolic process","8/137","289/18986",0.027681660899654,3.8362336776703,4.142155455942,0.00120238925799947,0.0436810840441806,0.0373735127260887,"56829/246175/3183/26986/10865/23112/27161/55544",8,"SIRT1","GO_BP"
"GO:0002181","cytoplasmic translation","6/137","165/18986",0.0363636363636364,5.03941605839416,4.44283965452328,0.00126648653439658,0.0453616233376126,0.0388113812690545,"6224/6157/26986/23521/8661/6160",6,"SIRT1","GO_BP"
"GO:0070372","regulation of ERK1 and ERK2 cascade","8/137","296/18986",0.027027027027027,3.74551193529296,4.05869080827629,0.00139961717099483,0.0494337009144425,0.0422954487199754,"1236/7040/7430/673/5604/10048/8661/2043",8,"SIRT1","GO_BP"
"GO:0051250","negative regulation of lymphocyte activation","6/137","169/18986",0.0355029585798817,4.92013993866886,4.36406446651004,0.00143158565659748,0.0497734490924899,0.0425861370839153,"7040/864/3659/4092/83593/7805",6,"SIRT1","GO_BP"
"GO:0006457","protein folding","7/137","231/18986",0.0303030303030303,4.19951338199513,4.17112124278515,0.00145493800884767,0.0497734490924899,0.0425861370839153,"3320/10808/3301/3337/3304/56605/3303",7,"SIRT1","GO_BP"
"GO:0060760","positive regulation of response to cytokine stimulus","4/137","68/18986",0.0588235294117647,8.15199656504938,5.03692599564128,0.00147798932161089,0.0497734490924899,0.0425861370839153,"3304/7852/3303/7805",4,"SIRT1","GO_BP"
"GO:2000058","regulation of ubiquitin-dependent protein catabolic process","6/137","171/18986",0.0350877192982456,4.86259444231015,4.32560125170712,0.00152005248791137,0.0497734490924899,0.0425861370839153,"3304/23429/51322/4092/3303/7805",6,"SIRT1","GO_BP"
"GO:0034605","cellular response to heat","4/137","69/18986",0.0579710144927536,8.03385168729504,4.99014364484367,0.00156026163041696,0.0497734490924899,0.0425861370839153,"3320/3337/3304/3303",4,"SIRT1","GO_BP"
"GO:0048679","regulation of axon regeneration","3/137","32/18986",0.09375,12.9922445255474,5.78823897780654,0.00156417554329003,0.0497734490924899,0.0425861370839153,"673/5604/2043",3,"SIRT1","GO_BP"
"GO:0060325","face morphogenesis","3/137","32/18986",0.09375,12.9922445255474,5.78823897780654,0.00156417554329003,0.0497734490924899,0.0425861370839153,"7040/29123/6497",3,"SIRT1","GO_BP"
"GO:0043409","negative regulation of MAPK cascade","6/137","172/18986",0.0348837209302326,4.83432354438975,4.30659306824405,0.00156581829626394,0.0497734490924899,0.0425861370839153,"3301/7430/80824/10048/8661/2043",6,"SIRT1","GO_BP"
"GO:0007178","cell surface receptor protein serine/threonine kinase signaling pathway","15/133","425/18986",0.0352941176470588,5.03830163644405,7.07185621592482,3.03317666347786e-07,0.000729175669900077,0.000616852348825182,"9863/6711/857/2719/11030/8516/4093/4774/91851/8425/6422/27122/5654/1278/4681",15,"PRKAA2","GO_BP"
"GO:0141091","transforming growth factor beta receptor superfamily signaling pathway","13/133","397/18986",0.0327455919395466,4.67449480123483,6.21449387617535,4.44300741342951e-06,0.0024502771265781,0.00207283273865877,"9863/857/2719/8516/4093/4774/91851/8425/6422/27122/5654/1278/4681",13,"PRKAA2","GO_BP"
"GO:0030198","extracellular matrix organization","12/133","339/18986",0.0353982300884956,5.05316388315923,6.32456143059481,4.79986195818051e-06,0.0024502771265781,0.00207283273865877,"165/23768/7373/1306/857/8516/323/57188/8425/1513/1278/2192",12,"PRKAA2","GO_BP"
"GO:0043062","extracellular structure organization","12/133","340/18986",0.0352941176470588,5.03830163644405,6.3108267974998,4.94610173639931e-06,0.0024502771265781,0.00207283273865877,"165/23768/7373/1306/857/8516/323/57188/8425/1513/1278/2192",12,"PRKAA2","GO_BP"
"GO:0045229","external encapsulating structure organization","12/133","341/18986",0.0351906158357771,5.02352655833131,6.29714589659727,5.0962502632656e-06,0.0024502771265781,0.00207283273865877,"165/23768/7373/1306/857/8516/323/57188/8425/1513/1278/2192",12,"PRKAA2","GO_BP"
"GO:0030509","BMP signaling pathway","8/133","172/18986",0.0465116279069767,6.63962231159294,6.24043064810484,2.88787704124328e-05,0.00878809918783898,0.00743436712098472,"857/2719/4093/4774/91851/6422/5654/4681",8,"PRKAA2","GO_BP"
"GO:0007596","blood coagulation","9/133","234/18986",0.0384615384615385,5.49045691150954,5.80517815636549,4.07135550206186e-05,0.00878809918783898,0.00743436712098472,"7035/966/5592/2152/857/928/50808/375033/2192",9,"PRKAA2","GO_BP"
"GO:0007411","axon guidance","9/133","236/18986",0.038135593220339,5.44392761564929,5.7698328141972,4.34995125091701e-05,0.00878809918783898,0.00743436712098472,"23768/8828/4781/8829/6586/8997/323/152330/64919",9,"PRKAA2","GO_BP"
"GO:0097485","neuron projection guidance","9/133","237/18986",0.0379746835443038,5.42095745693347,5.75231077983647,4.49518837939708e-05,0.00878809918783898,0.00743436712098472,"23768/8828/4781/8829/6586/8997/323/152330/64919",9,"PRKAA2","GO_BP"
"GO:0071772","response to BMP","8/133","184/18986",0.0434782608695652,6.2066034651847,5.96076880911836,4.66887704678954e-05,0.00878809918783898,0.00743436712098472,"857/2719/4093/4774/91851/6422/5654/4681",8,"PRKAA2","GO_BP"
"GO:0071773","cellular response to BMP stimulus","8/133","184/18986",0.0434782608695652,6.2066034651847,5.96076880911836,4.66887704678954e-05,0.00878809918783898,0.00743436712098472,"857/2719/4093/4774/91851/6422/5654/4681",8,"PRKAA2","GO_BP"
"GO:0045165","cell fate commitment","10/133","297/18986",0.0336700336700337,4.80646059593428,5.5532524705177,4.67673933749867e-05,0.00878809918783898,0.00743436712098472,"7026/5396/4781/8829/182/969/4774/2619/6422/64919",10,"PRKAA2","GO_BP"
"GO:0007599","hemostasis","9/133","241/18986",0.037344398340249,5.33098305930802,5.68320303058648,5.11786142386629e-05,0.00878809918783898,0.00743436712098472,"7035/966/5592/2152/857/928/50808/375033/2192",9,"PRKAA2","GO_BP"
"GO:0050817","coagulation","9/133","241/18986",0.037344398340249,5.33098305930802,5.68320303058648,5.11786142386629e-05,0.00878809918783898,0.00743436712098472,"7035/966/5592/2152/857/928/50808/375033/2192",9,"PRKAA2","GO_BP"
"GO:0071560","cellular response to transforming growth factor beta stimulus","10/133","306/18986",0.0326797385620915,4.66509410781857,5.42873065961114,6.00525768521892e-05,0.00962442631684419,0.00814186515638102,"5139/857/8516/4093/8425/6422/27122/5654/1513/1278",10,"PRKAA2","GO_BP"
"GO:0042060","wound healing","12/133","444/18986",0.027027027027027,3.85815891079049,5.11847345836078,6.88498661646145e-05,0.00994172654725693,0.00841028798025238,"7035/966/5592/2152/857/131566/928/667/50808/5493/375033/2192",12,"PRKAA2","GO_BP"
"GO:0071559","response to transforming growth factor beta","10/133","313/18986",0.0319488817891374,4.56076292968844,5.33517989199476,7.2494159955458e-05,0.00994172654725693,0.00841028798025238,"5139/857/8516/4093/8425/6422/27122/5654/1513/1278",10,"PRKAA2","GO_BP"
"GO:0007162","negative regulation of cell adhesion","10/133","314/18986",0.0318471337579618,4.54623820698242,5.32204076413097,7.44388842972649e-05,0.00994172654725693,0.00841028798025238,"5788/5592/182/969/10457/928/5074/8654/5140/2192",10,"PRKAA2","GO_BP"
"GO:0008585","female gonad development","6/133","103/18986",0.058252427184466,8.3156434776261,6.25282876424489,8.65139457076041e-05,0.0102777734971997,0.00869456975067427,"7026/2/6586/6422/23414/26471",6,"PRKAA2","GO_BP"
"GO:0090090","negative regulation of canonical Wnt signaling pathway","7/133","149/18986",0.0469798657718121,6.70646414694454,5.87347663929886,8.67885023715384e-05,0.0102777734971997,0.00869456975067427,"2487/27303/857/2719/6422/80114/27122",7,"PRKAA2","GO_BP"
"GO:0090092","regulation of transmembrane receptor protein serine/threonine kinase signaling pathway","10/133","326/18986",0.0306748466257669,4.37889201531436,5.16854355426246,0.00010146352407182,0.0102777734971997,0.00869456975067427,"9863/857/2719/8516/91851/8425/6422/27122/5654/4681",10,"PRKAA2","GO_BP"
"GO:0048147","negative regulation of fibroblast proliferation","4/133","35/18986",0.114285714285714,16.3145005370569,7.61660934475592,0.000101825026379487,0.0102777734971997,0.00869456975067427,"857/6422/5074/26471",4,"PRKAA2","GO_BP"
"GO:0007015","actin filament organization","12/133","465/18986",0.0258064516129032,3.68391947610963,4.92158091723972,0.000106593446957074,0.0102777734971997,0.00869456975067427,"800/8829/6711/2013/4082/1266/87/6422/5074/10787/4642/2934",12,"PRKAA2","GO_BP"
"GO:0006956","complement activation","5/133","67/18986",0.0746268656716418,10.6531253506902,6.64809391558759,0.00010665473202719,0.0102777734971997,0.00869456975067427,"966/716/2/3075/1191",5,"PRKAA2","GO_BP"
"GO:0046545","development of primary female sexual characteristics","6/133","107/18986",0.0560747663551402,8.00477830089242,6.1029200079227,0.000106882003922626,0.0102777734971997,0.00869456975067427,"7026/2/6586/6422/23414/26471",6,"PRKAA2","GO_BP"
"GO:0051216","cartilage development","8/133","209/18986",0.0382775119617225,5.46418678274634,5.45058710817242,0.000113924432892894,0.0105336283336352,0.00891101232182471,"5396/2487/4781/4256/4774/129642/1513/2202",8,"PRKAA2","GO_BP"
"GO:0030193","regulation of blood coagulation","5/133","69/18986",0.072463768115942,10.3443391086412,6.53112343253226,0.000122732748896162,0.0105374831552276,0.00891427334087911,"7035/5592/2152/857/928",5,"PRKAA2","GO_BP"
"GO:0035567","non-canonical Wnt signaling pathway","5/133","69/18986",0.072463768115942,10.3443391086412,6.53112343253226,0.000122732748896162,0.0105374831552276,0.00891427334087911,"2487/9863/2719/6422/166336",5,"PRKAA2","GO_BP"
"GO:0007229","integrin-mediated signaling pathway","6/133","111/18986",0.0540540540540541,7.71631782158098,5.96060215969916,0.000130888932930154,0.0108502411987618,0.00917885366319631,"8829/2013/8516/3672/9358/667",6,"PRKAA2","GO_BP"
"GO:0050678","regulation of epithelial cell proliferation","11/133","406/18986",0.0270935960591133,3.86766176525057,4.90579024497456,0.000136552327035089,0.0109037644523048,0.00922413211395604,"7026/8828/2152/4781/8829/182/857/2719/6422/26471/64919",11,"PRKAA2","GO_BP"
"GO:1900046","regulation of hemostasis","5/133","71/18986",0.0704225352112676,10.0529492745949,6.4188462906425,0.000140605947596276,0.0109037644523048,0.00922413211395604,"7035/5592/2152/857/928",5,"PRKAA2","GO_BP"
"GO:0050866","negative regulation of cell activation","8/133","219/18986",0.0365296803652968,5.21468053695884,5.26902403414586,0.000157182958805003,0.0117501387079077,0.00994012960140013,"5788/5592/969/10457/928/6422/5074/8654",8,"PRKAA2","GO_BP"
"GO:0040013","negative regulation of locomotion","11/133","416/18986",0.0264423076923077,3.77468912666281,4.80613464139285,0.000168782106814282,0.0117501387079077,0.00994012960140013,"7026/4223/5592/8829/5793/9863/182/969/6422/4681/2192",11,"PRKAA2","GO_BP"
"GO:0030514","negative regulation of BMP signaling pathway","5/133","74/18986",0.0675675675675676,9.64539727697622,6.25853914122319,0.000171071071038589,0.0117501387079077,0.00994012960140013,"857/91851/6422/5654/4681",5,"PRKAA2","GO_BP"
"GO:0060411","cardiac septum morphogenesis","5/133","74/18986",0.0675675675675676,9.64539727697622,6.25853914122319,0.000171071071038589,0.0117501387079077,0.00994012960140013,"8828/8829/182/6586/23414",5,"PRKAA2","GO_BP"
"GO:0050818","regulation of coagulation","5/133","76/18986",0.0657894736842105,9.39157103284527,6.15666033824096,0.000194018167294943,0.0129561020604734,0.0109603245384161,"7035/5592/2152/857/928",5,"PRKAA2","GO_BP"
"GO:0007009","plasma membrane organization","7/133","173/18986",0.0404624277456647,5.77608761788865,5.30038231975879,0.000219280387177511,0.0138839388499453,0.0117452359480227,"6711/57088/857/2013/928/1191/2934",7,"PRKAA2","GO_BP"
"GO:0046660","female sex differentiation","6/133","122/18986",0.0491803278688525,7.02058424750401,5.60328286242182,0.000219463259691315,0.0138839388499453,0.0117452359480227,"7026/2/6586/6422/23414/26471",6,"PRKAA2","GO_BP"
"GO:0031589","cell-substrate adhesion","10/133","361/18986",0.0277008310249307,3.95434569804011,4.76000775117757,0.000232065191749958,0.0143047364350487,0.0121012132378116,"8829/182/2013/8516/3672/9358/87/6422/2199/2192",10,"PRKAA2","GO_BP"
"GO:0030510","regulation of BMP signaling pathway","6/133","124/18986",0.0483870967741935,6.90734901770555,5.54307162475318,0.000239702981990322,0.0144061492176183,0.0121870042422448,"857/2719/91851/6422/5654/4681",6,"PRKAA2","GO_BP"
"GO:0030178","negative regulation of Wnt signaling pathway","7/133","181/18986",0.0386740331491713,5.52079092759523,5.13284238780599,0.000288913139765349,0.0169401753169731,0.0143306851354725,"2487/27303/857/2719/6422/80114/27122",7,"PRKAA2","GO_BP"
"GO:0007160","cell-matrix adhesion","8/133","241/18986",0.033195020746888,4.7386516082738,4.90593379366473,0.000300968407743676,0.0172268583860904,0.0145732071117991,"8829/182/2013/8516/3672/9358/87/6422",8,"PRKAA2","GO_BP"
"GO:0002920","regulation of humoral immune response","4/133","48/18986",0.0833333333333333,11.8959899749373,6.34835413050027,0.000352688358390405,0.0190230245943421,0.0160926891655438,"5788/966/2/3075",4,"PRKAA2","GO_BP"
"GO:0050878","regulation of body fluid levels","10/133","381/18986",0.026246719160105,3.74676849604326,4.54894405534943,0.000356088230759315,0.0190230245943421,0.0160926891655438,"7035/966/5592/2152/857/2013/928/50808/375033/2192",10,"PRKAA2","GO_BP"
"GO:0090287","regulation of cellular response to growth factor stimulus","10/133","381/18986",0.026246719160105,3.74676849604326,4.54894405534943,0.000356088230759315,0.0190230245943421,0.0160926891655438,"8829/857/2719/8516/91851/8425/6422/27122/5654/4681",10,"PRKAA2","GO_BP"
"GO:0007409","axonogenesis","11/133","459/18986",0.0239651416122004,3.42106901240028,4.41013464080282,0.000391240621827912,0.0204107953765585,0.0172666856412606,"23768/8828/5592/4781/8829/6586/8997/323/56288/152330/64919",11,"PRKAA2","GO_BP"
"GO:0048846","axon extension involved in axon guidance","3/133","21/18986",0.142857142857143,20.3931256713212,7.46830288802688,0.000407536679731618,0.0204107953765585,0.0172666856412606,"8828/8829/6586",3,"PRKAA2","GO_BP"
"GO:1902284","neuron projection extension involved in neuron projection guidance","3/133","21/18986",0.142857142857143,20.3931256713212,7.46830288802688,0.000407536679731618,0.0204107953765585,0.0172666856412606,"8828/8829/6586",3,"PRKAA2","GO_BP"
"GO:0048145","regulation of fibroblast proliferation","5/133","90/18986",0.0555555555555556,7.93065998329156,5.53543550472139,0.000426856042561934,0.0209420801289569,0.0177161304882848,"857/6422/5074/26471/2192",5,"PRKAA2","GO_BP"
"GO:0045664","regulation of neuron differentiation","7/133","194/18986",0.0360824742268041,5.15084102007596,4.88080380408763,0.000439066887568605,0.0211103359542985,0.0178584679322641,"6925/182/85458/6422/152330/4681/64919",7,"PRKAA2","GO_BP"
"GO:1902644","tertiary alcohol metabolic process","3/133","22/18986",0.136363636363636,19.4661654135338,7.2788702189006,0.00046947424674136,0.0221297272385535,0.0187208306440518,"27122/1645/10327",3,"PRKAA2","GO_BP"
"GO:0014033","neural crest cell differentiation","5/133","93/18986",0.0537634408602151,7.67483224189506,5.41966265072401,0.000496398569440351,0.0227295496800346,0.0192282555310565,"8828/2487/8829/182/6422",5,"PRKAA2","GO_BP"
"GO:2000146","negative regulation of cell motility","10/133","398/18986",0.0251256281407035,3.58673064570975,4.38043560074237,0.000501109040366819,0.0227295496800346,0.0192282555310565,"7026/4223/5592/5793/9863/182/969/6422/4681/2192",10,"PRKAA2","GO_BP"
"GO:0030449","regulation of complement activation","3/133","23/18986",0.130434782608696,18.6198103955541,7.10153960868583,0.000537138523833096,0.0239126113202734,0.0202290765700885,"966/2/3075",3,"PRKAA2","GO_BP"
"GO:0050673","epithelial cell proliferation","11/133","482/18986",0.0228215767634855,3.25782298068823,4.217173664669,0.000588295105410172,0.0255516411926922,0.0216156278064109,"7026/8828/2152/4781/8829/182/857/2719/6422/26471/64919",11,"PRKAA2","GO_BP"
"GO:0045598","regulation of fat cell differentiation","6/133","147/18986",0.0408163265306122,5.82660733466319,4.93415286564063,0.000595212939596823,0.0255516411926922,0.0216156278064109,"2487/182/5919/6422/23414/10974",6,"PRKAA2","GO_BP"
"GO:0090101","negative regulation of transmembrane receptor protein serine/threonine kinase signaling pathway","7/133","205/18986",0.0341463414634146,4.87445442875481,4.68456229711506,0.000609888868284795,0.0257223305150289,0.0217600238878342,"9863/857/91851/6422/27122/5654/4681",7,"PRKAA2","GO_BP"
"GO:0022408","negative regulation of cell-cell adhesion","7/133","207/18986",0.0338164251207729,4.82735825069921,4.65038537820186,0.000645956432161815,0.0267737803951208,0.0226495068409551,"5592/182/969/10457/928/5074/8654",7,"PRKAA2","GO_BP"
"GO:2001235","positive regulation of apoptotic signaling pathway","6/133","153/18986",0.0392156862745098,5.59811292938228,4.79630158319768,0.000734336969148181,0.0299211198954615,0.0253120254129221,"5788/857/6422/26471/1191/1513",6,"PRKAA2","GO_BP"
"GO:0003148","outflow tract septum morphogenesis","3/133","26/18986",0.115384615384615,16.4713707345286,6.6303612009005,0.000776560571838036,0.0311141935783107,0.026321316224405,"8828/8829/23414",3,"PRKAA2","GO_BP"
"GO:0006929","substrate-dependent cell migration","3/133","27/18986",0.111111111111111,15.8613199665831,6.49041461581481,0.00086917522915745,0.0342540532933526,0.0289775072084934,"5788/8829/2192",3,"PRKAA2","GO_BP"
"GO:0061448","connective tissue development","8/133","290/18986",0.0275862068965517,3.93798288825512,4.2346234552306,0.00101515767128256,0.0389516358712009,0.0329514670738069,"5396/2487/4781/4256/4774/129642/1513/2202",8,"PRKAA2","GO_BP"
"GO:0048144","fibroblast proliferation","5/133","109/18986",0.0458715596330275,6.54825136235083,4.87914558618348,0.00102077914304728,0.0389516358712009,0.0329514670738069,"857/6422/5074/26471/2192",5,"PRKAA2","GO_BP"
"GO:0051017","actin filament bundle assembly","6/133","164/18986",0.0365853658536585,5.22262974509444,4.56155514634778,0.00105345933618961,0.0395705663156223,0.0334750565381304,"800/8829/4082/87/6422/5074",6,"PRKAA2","GO_BP"
"GO:0031579","membrane raft organization","3/133","29/18986",0.103448275862069,14.7674358309567,6.23172302292554,0.00107475897896996,0.0397495474683658,0.0336264671638859,"857/2013/2934",3,"PRKAA2","GO_BP"
"GO:0003279","cardiac septum development","5/133","111/18986",0.045045045045045,6.43026485131748,4.81925502341434,0.00110744716836242,0.0403379241324736,0.0341242093983444,"8828/8829/182/6586/23414",5,"PRKAA2","GO_BP"
"GO:0061572","actin filament bundle organization","6/133","168/18986",0.0357142857142857,5.09828141783029,4.48136763321655,0.00119268233760647,0.042794154322477,0.0362020781815507,"800/8829/4082/87/6422/5074",6,"PRKAA2","GO_BP"
"GO:0010563","negative regulation of phosphorus metabolic process","8/133","306/18986",0.0261437908496732,3.73207528625485,4.04674489509502,0.00142896399858783,0.0493409514678539,0.0417403968105323,"7026/5788/5592/857/6422/56288/26471/2192",8,"PRKAA2","GO_BP"
"GO:0045936","negative regulation of phosphate metabolic process","8/133","306/18986",0.0261437908496732,3.73207528625485,4.04674489509502,0.00142896399858783,0.0493409514678539,0.0417403968105323,"7026/5788/5592/857/6422/56288/26471/2192",8,"PRKAA2","GO_BP"
"GO:0061037","negative regulation of cartilage development","3/133","32/18986",0.09375,13.3829887218045,5.88831338625128,0.00143671655688426,0.0493409514678539,0.0417403968105323,"2487/1513/2202",3,"PRKAA2","GO_BP"
"GO:0050680","negative regulation of epithelial cell proliferation","6/133","175/18986",0.0342857142857143,4.89435016111708,4.34699327868055,0.00146977167325194,0.0497652267957418,0.0420993161263566,"7026/4781/857/2719/6422/26471",6,"PRKAA2","GO_BP"
