"ID","Description","GeneRatio","BgRatio","RichFactor","FoldEnrichment","zScore","pvalue","p.adjust","qvalue","geneID","Count","comparison","gene_direction","source"
"GO:0050851","antigen receptor-mediated signaling pathway","24/142","212/18986",0.113207547169811,15.1363273983524,17.9675575159951,1.10809810250562e-21,2.24833104998389e-18,1.77878905928533e-18,"3503/3493/3502/1236/3514/3500/28639/7805/84174/5579/26191/5142/28638/387357/917/919/915/5293/3071/3932/5788/916/8631/3702",24,"STA_vs_Unruptured","down","GO_BP"
"GO:0030217","T cell differentiation","27/142","320/18986",0.084375,11.2812940140845,16.1012673940474,6.53986545692852e-21,6.63469350605398e-18,5.24910253779789e-18,"1236/7409/6693/26191/729230/814/22806/864/3561/387357/6775/939/3718/1880/917/915/5293/3071/3932/6932/914/5788/916/3702/3575/10538/944",27,"STA_vs_Unruptured","down","GO_BP"
"GO:0002768","immune response-regulating cell surface receptor signaling pathway","28/142","369/18986",0.0758807588075881,10.1455780754991,15.4004148735143,2.01884853056622e-20,1.19012346431943e-17,9.4157779724891e-18,"3503/3493/3502/1236/719/3514/3500/7409/28639/7805/84174/64005/5579/26191/5142/28638/387357/917/919/915/5293/3071/3932/5588/5788/916/8631/3702",28,"STA_vs_Unruptured","down","GO_BP"
"GO:0002429","immune response-activating cell surface receptor signaling pathway","27/142","336/18986",0.0803571428571429,10.7440895372233,15.6435174786022,2.34622664232515e-20,1.19012346431943e-17,9.4157779724891e-18,"3503/3493/3502/1236/719/3514/3500/7409/28639/7805/84174/64005/5579/26191/5142/28638/387357/917/919/915/5293/3071/3932/5788/916/8631/3702",27,"STA_vs_Unruptured","down","GO_BP"
"GO:0030098","lymphocyte differentiation","28/142","426/18986",0.0657276995305164,8.78807114990412,14.112652543096,9.2849313718197e-19,3.76782515068443e-16,2.98095165095264e-16,"1236/7409/6693/26191/729230/814/22806/864/3561/387357/6775/939/3718/1880/917/915/5293/3071/3932/6932/914/5788/916/3702/10320/3575/10538/944",28,"STA_vs_Unruptured","down","GO_BP"
"GO:0050863","regulation of T cell activation","25/142","393/18986",0.0636132315521628,8.50535784682651,13.0513630141022,1.77832392882638e-16,6.01369875264789e-14,4.75779647624603e-14,"1236/7409/6693/7805/10077/26191/729230/814/864/3561/939/3718/11151/923/3071/3932/6932/914/5588/5788/6352/916/3575/10538/944",25,"STA_vs_Unruptured","down","GO_BP"
"GO:0046631","alpha-beta T cell activation","19/142","196/18986",0.0969387755102041,12.9611238861742,14.6116600444581,4.56805904990134e-16,1.32408454460712e-13,1.04756241369918e-13,"28639/6693/729230/864/3561/28638/6775/3718/1880/917/919/915/3071/5588/5788/916/3702/10538/944",19,"STA_vs_Unruptured","down","GO_BP"
"GO:0050852","T cell receptor signaling pathway","17/142","149/18986",0.114093959731544,15.2548445032612,15.1639615552431,1.11732505511594e-15,2.8338156710378e-13,2.2420009329629e-13,"1236/28639/7805/84174/26191/5142/28638/387357/917/919/915/5293/3932/5788/916/8631/3702",17,"STA_vs_Unruptured","down","GO_BP"
"GO:0002449","lymphocyte mediated immunity","23/142","386/18986",0.0595854922279793,7.9668320805663,12.0042615240335,1.30943138736119e-14,2.95204031661762e-12,2.33553551546879e-12,"3503/3493/3502/3538/3514/3500/7409/6693/84174/64005/729230/50615/939/924/11151/3820/3071/7454/914/10870/5788/3575/10538",23,"STA_vs_Unruptured","down","GO_BP"
"GO:0002443","leukocyte mediated immunity","25/142","485/18986",0.0515463917525773,6.89197037897488,11.4102917146058,2.2762956903252e-14,4.61860395566983e-12,3.65405360815361e-12,"3503/3493/3502/3538/3514/3500/7409/6693/84174/64005/729230/50615/939/924/3718/11151/3820/5293/3071/7454/914/10870/5788/3575/10538",25,"STA_vs_Unruptured","down","GO_BP"
"GO:0007159","leukocyte cell-cell adhesion","23/142","430/18986",0.0534883720930233,7.15162135604324,11.2006845708825,1.28403796876818e-13,2.36846639875513e-11,1.87383531327415e-11,"4973/1236/7409/6693/7805/10077/26191/729230/864/3561/939/3718/11151/923/3071/3932/3683/5588/5788/6352/916/8631/3575",23,"STA_vs_Unruptured","down","GO_BP"
"GO:0050853","B cell receptor signaling pathway","12/142","79/18986",0.151898734177215,20.309502585131,14.9291899970097,6.38131721067675e-13,1.07897438503859e-10,8.53641118094916e-11,"3503/3493/3502/3514/3500/5579/26191/5293/3071/3932/5788/3702",12,"STA_vs_Unruptured","down","GO_BP"
"GO:1903037","regulation of leukocyte cell-cell adhesion","21/142","392/18986",0.0535714285714286,7.16272635814889,10.7026772649812,1.59567865610885e-12,2.49048614864989e-10,1.97037242960809e-10,"1236/7409/6693/7805/10077/26191/729230/864/3561/939/3718/11151/923/3071/3932/5588/5788/6352/916/8631/3575",21,"STA_vs_Unruptured","down","GO_BP"
"GO:0002460","adaptive immune response based on somatic recombination of immune receptors built from immunoglobulin superfamily domains","21/142","400/18986",0.0525,7.01947183098591,10.5622961646319,2.3469391623749e-12,3.40138540032762e-10,2.69103926512911e-10,"3503/3493/3502/3538/3514/3500/6693/84174/64005/729230/50615/6775/939/924/3718/3071/7454/5588/5788/3575/10538",21,"STA_vs_Unruptured","down","GO_BP"
"GO:0050900","leukocyte migration","21/142","404/18986",0.051980198019802,6.94997210988705,10.4935469467735,2.83679247540212e-12,3.82569072246451e-10,3.02673256297288e-10,"1236/719/7409/6693/1234/7852/64005/729230/3576/1901/5142/1880/11151/5293/3071/3932/120425/3683/3627/63940/6352",21,"STA_vs_Unruptured","down","GO_BP"
"GO:0030595","leukocyte chemotaxis","17/142","240/18986",0.0708333333333333,9.47071596244131,11.4639520005726,3.01680884965166e-12,3.82569072246451e-10,3.02673256297288e-10,"1236/719/7409/1234/7852/729230/3576/1901/5142/1880/11151/5293/3071/120425/3627/63940/6352",17,"STA_vs_Unruptured","down","GO_BP"
"GO:0060326","cell chemotaxis","19/142","328/18986",0.0579268292682927,7.74506183442116,10.6967842906943,5.15145209064909e-12,6.14840958348647e-10,4.864374265164e-10,"1236/719/7409/1234/7852/51411/729230/3576/1901/5142/1880/11151/5293/3071/120425/3627/5588/63940/6352",19,"STA_vs_Unruptured","down","GO_BP"
"GO:0046629","gamma-delta T cell activation","8/142","26/18986",0.307692307692308,41.1397616468039,17.7789137027078,1.11904665511702e-11,1.26141425735135e-09,9.97980204124826e-10,"917/919/3071/6932/120425/5788/916/3702",8,"STA_vs_Unruptured","down","GO_BP"
"GO:1903039","positive regulation of leukocyte cell-cell adhesion","17/142","284/18986",0.0598591549295775,8.00342194009125,10.3225824690596,4.3857687628868e-11,4.68353937889333e-09,3.70542790216198e-09,"1236/7409/6693/729230/864/3561/939/11151/923/3071/3932/5588/5788/6352/916/8631/3575",17,"STA_vs_Unruptured","down","GO_BP"
"GO:0006935","chemotaxis","21/142","472/18986",0.0444915254237288,5.94870494151349,9.45094759966978,5.2726270029069e-11,5.34908009444905e-09,4.23197693654369e-09,"1236/719/7409/6693/1234/7852/51411/729230/3576/1901/5142/6480/1880/11151/5293/3071/120425/3627/5588/63940/6352",21,"STA_vs_Unruptured","down","GO_BP"
"GO:0042330","taxis","21/142","474/18986",0.0443037974683544,5.92360492066322,9.42342161128914,5.7021217355269e-11,5.5093357149448e-09,4.3587647351772e-09,"1236/719/7409/6693/1234/7852/51411/729230/3576/1901/5142/6480/1880/11151/5293/3071/120425/3627/5588/63940/6352",21,"STA_vs_Unruptured","down","GO_BP"
"GO:0050870","positive regulation of T cell activation","16/142","260/18986",0.0615384615384615,8.22795232936078,10.1869076533121,1.1246205947888e-10,1.03720690310295e-08,8.20596367010968e-09,"1236/7409/6693/729230/864/3561/939/11151/923/3071/3932/5588/5788/6352/916/3575",16,"STA_vs_Unruptured","down","GO_BP"
"GO:0071674","mononuclear cell migration","15/142","231/18986",0.0649350649350649,8.68209255533199,10.1974108253532,2.09647526545995e-10,1.84945578852967e-08,1.46321500220889e-08,"1236/719/6693/1234/7852/64005/729230/1901/1880/11151/5293/120425/3683/3627/6352",15,"STA_vs_Unruptured","down","GO_BP"
"GO:0072678","T cell migration","10/142","76/18986",0.131578947368421,17.5926612305411,12.5817196315841,2.49322015268298e-10,2.1078098707474e-08,1.66761435650945e-08,"6693/64005/729230/1901/1880/11151/5293/3683/3627/6352",10,"STA_vs_Unruptured","down","GO_BP"
"GO:0002696","positive regulation of leukocyte activation","18/142","371/18986",0.0485175202156334,6.48699745643673,9.26516416012881,3.52487000242316e-10,2.86078449396664e-08,2.26333758050329e-08,"1236/7409/6693/729230/864/3561/939/1880/11151/923/3071/3932/914/5588/5788/6352/916/3575",18,"STA_vs_Unruptured","down","GO_BP"
"GO:0032944","regulation of mononuclear cell proliferation","15/142","245/18986",0.0612244897959184,8.18597298074159,9.8273215617336,4.76529695291241e-10,3.71876442979203e-08,2.94213678266859e-08,"6693/10077/26191/729230/22806/6480/1880/11151/923/3071/5588/5788/6352/916/944",15,"STA_vs_Unruptured","down","GO_BP"
"GO:0022409","positive regulation of cell-cell adhesion","17/142","336/18986",0.0505952380952381,6.76479711602951,9.25501598694269,5.95136868833375e-10,4.31261681022471e-08,3.41196889086803e-08,"1236/7409/6693/729230/864/3561/939/11151/923/3071/3932/5588/5788/6352/916/8631/3575",17,"STA_vs_Unruptured","down","GO_BP"
"GO:0051251","positive regulation of lymphocyte activation","17/142","336/18986",0.0505952380952381,6.76479711602951,9.25501598694269,5.95136868833375e-10,4.31261681022471e-08,3.41196889086803e-08,"1236/7409/6693/729230/864/3561/939/1880/11151/923/3071/3932/5588/5788/6352/916/3575",17,"STA_vs_Unruptured","down","GO_BP"
"GO:0072676","lymphocyte migration","11/142","110/18986",0.1,13.3704225352113,11.2950671564121,6.27923565518754e-10,4.39329970495708e-08,3.47580195069365e-08,"1236/6693/64005/729230/1901/1880/11151/5293/3683/3627/6352",11,"STA_vs_Unruptured","down","GO_BP"
"GO:0050867","positive regulation of cell activation","18/142","391/18986",0.0460358056265985,6.15518172976478,8.94122846547642,8.17490830275874e-10,5.52896298209916e-08,4.37429303919547e-08,"1236/7409/6693/729230/864/3561/939/1880/11151/923/3071/3932/914/5588/5788/6352/916/3575",18,"STA_vs_Unruptured","down","GO_BP"
"GO:0045058","T cell selection","9/142","63/18986",0.142857142857143,19.1006036217304,12.4919795103774,9.52752691815143e-10,6.23592003771912e-08,4.93360901534157e-08,"1236/6693/387357/3718/917/915/5788/916/10538",9,"STA_vs_Unruptured","down","GO_BP"
"GO:0032943","mononuclear cell proliferation","16/142","305/18986",0.0524590163934426,7.01399214961903,9.19127248589876,1.16826987620831e-09,7.40756118383328e-08,5.86056434611074e-08,"6693/10077/26191/729230/22806/6480/1880/11151/923/3071/5588/5788/6352/916/3575/944",16,"STA_vs_Unruptured","down","GO_BP"
"GO:0070663","regulation of leukocyte proliferation","15/142","270/18986",0.0555555555555556,7.42801251956182,9.23453438869385,1.82070335890204e-09,1.11945670157947e-07,8.85669098030499e-08,"6693/10077/26191/729230/22806/6480/1880/11151/923/3071/5588/5788/6352/916/944",15,"STA_vs_Unruptured","down","GO_BP"
"GO:2000106","regulation of leukocyte apoptotic process","10/142","93/18986",0.10752688172043,14.3767984249584,11.2255110023367,1.89469792693605e-09,1.1306888511039e-07,8.94555522779406e-08,"1236/1234/6480/939/3718/917/5293/5588/6352/3575",10,"STA_vs_Unruptured","down","GO_BP"
"GO:0043368","positive T cell selection","8/142","50/18986",0.16,21.392676056338,12.533663342288,3.30679130875197e-09,1.91699416155936e-07,1.51664864536745e-07,"6693/387357/3718/917/915/5788/916/10538",8,"STA_vs_Unruptured","down","GO_BP"
"GO:0050670","regulation of lymphocyte proliferation","14/142","240/18986",0.0583333333333333,7.79941314553991,9.20207291545953,3.48188731293289e-09,1.96243037720579e-07,1.5525959509423e-07,"6693/10077/26191/729230/22806/1880/11151/923/3071/5588/5788/6352/916/944",14,"STA_vs_Unruptured","down","GO_BP"
"GO:0070661","leukocyte proliferation","16/142","341/18986",0.0469208211143695,6.27351203998183,8.53019310345128,5.78958706351904e-09,3.17488436537301e-07,2.51184076013273e-07,"6693/10077/26191/729230/22806/6480/1880/11151/923/3071/5588/5788/6352/916/3575/944",16,"STA_vs_Unruptured","down","GO_BP"
"GO:0045785","positive regulation of cell adhesion","19/142","499/18986",0.0380761523046092,5.09094244827684,8.03902440675666,6.15816033467657e-09,3.28813350501546e-07,2.60143892254343e-07,"1236/7409/6693/729230/342184/864/3561/939/11151/923/3071/3932/9806/5588/5788/6352/916/8631/3575",19,"STA_vs_Unruptured","down","GO_BP"
"GO:0046651","lymphocyte proliferation","15/142","297/18986",0.0505050505050505,6.75273865414711,8.67406679937901,6.64915682181962e-09,3.4592664593518e-07,2.73683243003372e-07,"6693/10077/26191/729230/22806/1880/11151/923/3071/5588/5788/6352/916/3575/944",15,"STA_vs_Unruptured","down","GO_BP"
"GO:2000107","negative regulation of leukocyte apoptotic process","8/142","57/18986",0.140350877192982,18.7655053125772,11.6604170070763,9.73952085148652e-09,4.94037195191654e-07,3.90862349960972e-07,"1236/1234/6480/939/3718/5588/6352/3575",8,"STA_vs_Unruptured","down","GO_BP"
"GO:0045619","regulation of lymphocyte differentiation","13/142","223/18986",0.0582959641255605,7.79441672456262,8.85964657363339,1.307280714595e-08,6.46944529247137e-07,5.11836480040405e-07,"729230/814/22806/864/3561/939/3718/3071/6932/914/5788/3575/10538",13,"STA_vs_Unruptured","down","GO_BP"
"GO:0030593","neutrophil chemotaxis","9/142","85/18986",0.105882352941176,14.156917978459,10.5531998887205,1.44229713934123e-08,6.96766879934131e-07,5.51253919171772e-07,"1236/719/7409/3576/5142/5293/3071/120425/3627",9,"STA_vs_Unruptured","down","GO_BP"
"GO:0032946","positive regulation of mononuclear cell proliferation","11/142","148/18986",0.0743243243243243,9.93747620860297,9.47526326168006,1.47819458193182e-08,6.9750158296271e-07,5.51835186645292e-07,"6693/729230/6480/1880/11151/923/3071/5588/5788/6352/916",11,"STA_vs_Unruptured","down","GO_BP"
"GO:0002407","dendritic cell chemotaxis","6/142","24/18986",0.25,33.4260563380282,13.7981419282671,1.89626206828948e-08,8.55003497013191e-07,6.76444363541862e-07,"1236/1234/7852/729230/1880/6352",6,"STA_vs_Unruptured","down","GO_BP"
"GO:0045061","thymic T cell selection","6/142","24/18986",0.25,33.4260563380282,13.7981419282671,1.89626206828948e-08,8.55003497013191e-07,6.76444363541862e-07,"1236/6693/917/915/5788/916",6,"STA_vs_Unruptured","down","GO_BP"
"GO:0045580","regulation of T cell differentiation","12/142","191/18986",0.06282722513089,8.40026546714844,8.92289419022486,2.11599847130346e-08,9.33339325711894e-07,7.38420519161961e-07,"729230/814/864/3561/939/3718/3071/6932/914/5788/3575/10538",12,"STA_vs_Unruptured","down","GO_BP"
"GO:0033077","T cell differentiation in thymus","9/142","89/18986",0.101123595505618,13.520652001899,10.2775226341608,2.17103521777334e-08,9.37240522736617e-07,7.41506989273088e-07,"1236/6693/814/3561/917/915/5788/916/3575",9,"STA_vs_Unruptured","down","GO_BP"
"GO:0043383","negative T cell selection","5/142","13/18986",0.384615384615385,51.4247020585049,15.7873755012413,2.67434933341571e-08,1.11358706574409e-06,8.81025278337646e-07,"1236/6693/387357/5788/916",5,"STA_vs_Unruptured","down","GO_BP"
"GO:0071887","leukocyte apoptotic process","10/142","122/18986",0.0819672131147541,10.9593627337797,9.57982326228149,2.68929355453229e-08,1.11358706574409e-06,8.81025278337646e-07,"1236/1234/6480/939/3718/917/5293/5588/6352/3575",10,"STA_vs_Unruptured","down","GO_BP"
"GO:0035710","CD4-positive, alpha-beta T cell activation","10/142","129/18986",0.0775193798449612,10.3646686319467,9.2643273938045,4.59015538826048e-08,1.82616182015304e-06,1.44478575172285e-06,"6693/864/3561/6775/3718/1880/3071/5588/916/10538",10,"STA_vs_Unruptured","down","GO_BP"
"GO:0071621","granulocyte chemotaxis","10/142","129/18986",0.0775193798449612,10.3646686319467,9.2643273938045,4.59015538826048e-08,1.82616182015304e-06,1.44478575172285e-06,"1236/719/7409/3576/5142/5293/3071/120425/3627/6352",10,"STA_vs_Unruptured","down","GO_BP"
"GO:0070665","positive regulation of leukocyte proliferation","11/142","166/18986",0.0662650602409639,8.85991854742915,8.82927828014196,4.86107932918556e-08,1.89675576133029e-06,1.50063683745101e-06,"6693/729230/6480/1880/11151/923/3071/5588/5788/6352/916",11,"STA_vs_Unruptured","down","GO_BP"
"GO:0046632","alpha-beta T cell differentiation","10/142","133/18986",0.075187969924812,10.0529492745949,9.09470462629035,6.14082471129634e-08,2.35089308287175e-06,1.8599320128554e-06,"6693/864/3561/6775/3718/1880/3071/3702/10538/944",10,"STA_vs_Unruptured","down","GO_BP"
"GO:0050920","regulation of chemotaxis","12/142","216/18986",0.0555555555555556,7.42801251956182,8.24772891821951,8.2344160331709e-08,3.09400557987107e-06,2.4478527194124e-06,"1236/719/7852/729230/3576/1901/6480/1880/3071/3627/63940/6352",12,"STA_vs_Unruptured","down","GO_BP"
"GO:0042102","positive regulation of T cell proliferation","9/142","104/18986",0.0865384615384615,11.5705579631636,9.38325481066424,8.53585628343632e-08,3.14895498165315e-06,2.49132647506993e-06,"6693/729230/11151/923/3071/5588/5788/6352/916",9,"STA_vs_Unruptured","down","GO_BP"
"GO:0001906","cell killing","13/142","264/18986",0.0492424242424242,6.58392018779343,7.93100037331801,9.56270185301763e-08,3.46477179638799e-06,2.74118803117517e-06,"3500/7409/3576/11151/10578/115362/3820/3071/914/3627/10870/5788/3575",13,"STA_vs_Unruptured","down","GO_BP"
"GO:0036336","dendritic cell migration","6/142","31/18986",0.193548387096774,25.878237164925,12.0337637574949,9.93605732469151e-08,3.53688777399984e-06,2.79824329088727e-06,"1236/1234/7852/729230/1880/6352",6,"STA_vs_Unruptured","down","GO_BP"
"GO:0002819","regulation of adaptive immune response","12/142","221/18986",0.0542986425339367,7.25995793767128,8.12561409323463,1.05732838717495e-07,3.69882637513445e-06,2.92636259608313e-06,"6693/729230/924/3718/3071/7454/64092/5588/5788/8631/3575/10538",12,"STA_vs_Unruptured","down","GO_BP"
"GO:1990266","neutrophil migration","9/142","108/18986",0.0833333333333333,11.1420187793427,9.17532005632487,1.18488036547257e-07,4.07478349414212e-06,3.22380474102708e-06,"1236/719/7409/3576/5142/5293/3071/120425/3627",9,"STA_vs_Unruptured","down","GO_BP"
"GO:0042129","regulation of T cell proliferation","11/142","182/18986",0.0604395604395604,8.08102460919362,8.33239024118141,1.24565198342588e-07,4.2123797906185e-06,3.33266539425344e-06,"6693/10077/729230/11151/923/3071/5588/5788/6352/916/944",11,"STA_vs_Unruptured","down","GO_BP"
"GO:0050671","positive regulation of lymphocyte proliferation","10/142","145/18986",0.0689655172413793,9.22098105876639,8.62618164589632,1.39030941199756e-07,4.54989967248879e-06,3.59969754379674e-06,"6693/729230/1880/11151/923/3071/5588/5788/6352/916",10,"STA_vs_Unruptured","down","GO_BP"
"GO:0050921","positive regulation of chemotaxis","10/142","145/18986",0.0689655172413793,9.22098105876639,8.62618164589632,1.39030941199756e-07,4.54989967248879e-06,3.59969754379674e-06,"1236/719/7852/729230/3576/1901/3071/3627/63940/6352",10,"STA_vs_Unruptured","down","GO_BP"
"GO:0002687","positive regulation of leukocyte migration","10/142","152/18986",0.0657894736842105,8.79633061527057,8.37729258446019,2.16316926310939e-07,6.96677846801422e-06,5.51183479739653e-06,"1236/719/6693/729230/3576/11151/3071/3627/63940/6352",10,"STA_vs_Unruptured","down","GO_BP"
"GO:0042113","B cell activation","13/142","284/18986",0.0457746478873239,6.12026383654037,7.5469315097903,2.22329660088217e-07,7.04854500498427e-06,5.57652519135743e-06,"7805/5579/22806/3561/939/3718/1880/5293/3071/64092/5788/3575/10538",13,"STA_vs_Unruptured","down","GO_BP"
"GO:0097530","granulocyte migration","10/142","156/18986",0.0641025641025641,8.57078367641748,8.24215735086417,2.7563443975283e-07,8.60403505013064e-06,6.80716632587961e-06,"1236/719/7409/3576/5142/5293/3071/120425/3627/6352",10,"STA_vs_Unruptured","down","GO_BP"
"GO:0046634","regulation of alpha-beta T cell activation","9/142","122/18986",0.0737704918032787,9.86342646040175,8.52565181714727,3.38213823829312e-07,1.03975128568132e-05,8.22609380127115e-06,"729230/864/3561/3718/3071/5588/5788/916/10538",9,"STA_vs_Unruptured","down","GO_BP"
"GO:0002690","positive regulation of leukocyte chemotaxis","8/142","95/18986",0.0842105263157895,11.2593031875463,8.70192063933502,5.64310854042344e-07,1.70893540724166e-05,1.35204093073774e-05,"1236/719/729230/3576/3071/3627/63940/6352",8,"STA_vs_Unruptured","down","GO_BP"
"GO:0019724","B cell mediated immunity","11/142","212/18986",0.0518867924528302,6.93748339091151,7.54666125933826,5.76580707257799e-07,1.7204150809207e-05,1.36112318663799e-05,"3503/3493/3502/3538/3514/3500/84174/50615/939/5788/10538",11,"STA_vs_Unruptured","down","GO_BP"
"GO:0006959","humoral immune response","13/142","310/18986",0.0419354838709677,5.60695138573376,7.09929901971051,6.0268978587432e-07,1.77225735585361e-05,1.40213870855582e-05,"3503/3493/3502/1236/3500/729230/3576/6480/1880/10578/3627/5788/6352",13,"STA_vs_Unruptured","down","GO_BP"
"GO:0042098","T cell proliferation","11/142","215/18986",0.0511627906976744,6.84068129708483,7.476562349844,6.62741499805841e-07,1.92100357586579e-05,1.51982073263746e-05,"6693/10077/729230/11151/923/3071/5588/5788/6352/916/944",11,"STA_vs_Unruptured","down","GO_BP"
"GO:0030101","natural killer cell activation","8/142","102/18986",0.0784313725490196,10.4866059099696,8.33924771759722,9.74340515037363e-07,2.7457457014039e-05,2.17232351671342e-05,"7409/26191/50615/962/11151/5293/914/5788",8,"STA_vs_Unruptured","down","GO_BP"
"GO:0043367","CD4-positive, alpha-beta T cell differentiation","8/142","102/18986",0.0784313725490196,10.4866059099696,8.33924771759722,9.74340515037363e-07,2.7457457014039e-05,2.17232351671342e-05,"6693/864/3561/6775/3718/1880/3071/10538",8,"STA_vs_Unruptured","down","GO_BP"
"GO:0070233","negative regulation of T cell apoptotic process","5/142","25/18986",0.2,26.7408450704225,11.1795702944653,1.02705475362409e-06,2.85464944534695e-05,2.25848377689507e-05,"939/3718/5588/6352/3575",5,"STA_vs_Unruptured","down","GO_BP"
"GO:0045060","negative thymic T cell selection","4/142","12/18986",0.333333333333333,44.5680751173709,13.1051643827683,1.4171216807081e-06,3.88559444615774e-05,3.07412597877645e-05,"1236/6693/5788/916",4,"STA_vs_Unruptured","down","GO_BP"
"GO:0046635","positive regulation of alpha-beta T cell activation","7/142","75/18986",0.0933333333333333,12.4790610328639,8.64654636290131,1.46528041449079e-06,3.96407194800241e-05,3.13621422048905e-05,"729230/864/3561/3071/5588/5788/916",7,"STA_vs_Unruptured","down","GO_BP"
"GO:1902105","regulation of leukocyte differentiation","13/142","337/18986",0.0385756676557863,5.15772976135746,6.68507615959958,1.53473619129527e-06,4.0973417528133e-05,3.24165192759735e-05,"729230/814/22806/864/3561/939/3718/3071/6932/914/5788/3575/10538",13,"STA_vs_Unruptured","down","GO_BP"
"GO:0019722","calcium-mediated signaling","11/142","235/18986",0.0468085106382979,6.25849565477974,7.04119154426754,1.58817270069904e-06,4.18493819443943e-05,3.31095470754073e-05,"1236/719/5032/1234/2769/84174/7852/729230/3576/5788/916",11,"STA_vs_Unruptured","down","GO_BP"
"GO:0050856","regulation of T cell receptor signaling pathway","6/142","49/18986",0.122448979591837,16.3719459614832,9.35264014562064,1.68956310965045e-06,4.39503019164201e-05,3.47717104212812e-05,"1236/7805/84174/26191/3932/5788",6,"STA_vs_Unruptured","down","GO_BP"
"GO:0010818","T cell chemotaxis","5/142","28/18986",0.178571428571429,23.875754527163,10.5152864752108,1.8658652124176e-06,4.74731623700864e-05,3.75588558607464e-05,"729230/1880/5293/3627/6352",5,"STA_vs_Unruptured","down","GO_BP"
"GO:0006909","phagocytosis","11/142","239/18986",0.0460251046025105,6.15375095762862,6.96016306354218,1.87178560355195e-06,4.74731623700864e-05,3.75588558607464e-05,"7409/64005/51411/729230/3561/11151/56990/3071/3683/9938/5788",11,"STA_vs_Unruptured","down","GO_BP"
"GO:0001909","leukocyte mediated cytotoxicity","9/142","151/18986",0.0596026490066225,7.96912601436433,7.46357504512197,2.03686987281983e-06,5.10223329870549e-05,4.03668168427582e-05,"3500/7409/11151/3820/3071/914/10870/5788/3575",9,"STA_vs_Unruptured","down","GO_BP"
"GO:0001776","leukocyte homeostasis","8/142","113/18986",0.0707964601769911,9.4657858656363,7.83517960360438,2.12199580107989e-06,5.25064570779403e-05,4.15409961058644e-05,"729230/5142/3718/1880/11151/5293/3071/3575",8,"STA_vs_Unruptured","down","GO_BP"
"GO:0097529","myeloid leukocyte migration","11/142","243/18986",0.0452674897119342,6.05245464556889,6.88095841217235,2.19896294192582e-06,5.37553711947891e-05,4.25290867017993e-05,"1236/719/7409/729230/3576/5142/5293/3071/120425/3627/6352",11,"STA_vs_Unruptured","down","GO_BP"
"GO:2000514","regulation of CD4-positive, alpha-beta T cell activation","7/142","84/18986",0.0833333333333333,11.1420187793427,8.08673290508388,3.16178574963763e-06,7.6372181976366e-05,6.04225973458318e-05,"864/3561/3718/3071/5588/916/10538",7,"STA_vs_Unruptured","down","GO_BP"
"GO:0002822","regulation of adaptive immune response based on somatic recombination of immune receptors built from immunoglobulin superfamily domains","10/142","206/18986",0.0485436893203883,6.49049637631615,6.87797116260811,3.48157988241594e-06,8.31073597814347e-05,6.57511990177624e-05,"6693/729230/924/3718/3071/7454/5588/5788/3575/10538",10,"STA_vs_Unruptured","down","GO_BP"
"GO:0045059","positive thymic T cell selection","4/142","15/18986",0.266666666666667,35.6544600938967,11.6552764703885,3.84015424002245e-06,9.06008482907621e-05,7.16797456062941e-05,"917/915/5788/916",4,"STA_vs_Unruptured","down","GO_BP"
"GO:0016064","immunoglobulin mediated immune response","10/142","209/18986",0.0478468899521531,6.39733135656042,6.81086146115595,3.9602640431484e-06,9.2360640730438e-05,7.30720225747285e-05,"3503/3493/3502/3538/3514/3500/50615/939/5788/10538",10,"STA_vs_Unruptured","down","GO_BP"
"GO:0002688","regulation of leukocyte chemotaxis","8/142","126/18986",0.0634920634920635,8.4891571652135,7.32167248764655,4.80035744819047e-06,0.000110680968890664,8.7566329048929e-05,"1236/719/729230/3576/3071/3627/63940/6352",8,"STA_vs_Unruptured","down","GO_BP"
"GO:0032743","positive regulation of interleukin-2 production","5/142","35/18986",0.142857142857143,19.1006036217304,9.30409078842028,5.90919778463166e-06,0.000133219581166863,0.000105397972182027,"729230/5142/5588/5788/916",5,"STA_vs_Unruptured","down","GO_BP"
"GO:2000406","positive regulation of T cell migration","5/142","35/18986",0.142857142857143,19.1006036217304,9.30409078842028,5.90919778463166e-06,0.000133219581166863,0.000105397972182027,"6693/729230/11151/3627/6352",5,"STA_vs_Unruptured","down","GO_BP"
"GO:0070228","regulation of lymphocyte apoptotic process","6/142","61/18986",0.0983606557377049,13.1512352805357,8.25145106837422,6.23259758846472e-06,0.000137916668014696,0.000109114118296496,"939/3718/917/5588/6352/3575",6,"STA_vs_Unruptured","down","GO_BP"
"GO:0070098","chemokine-mediated signaling pathway","7/142","93/18986",0.0752688172043011,10.0637588974708,7.60610439013946,6.25349110761557e-06,0.000137916668014696,0.000109114118296496,"1236/1234/7852/729230/3576/3627/6352",7,"STA_vs_Unruptured","down","GO_BP"
"GO:0071677","positive regulation of mononuclear cell migration","7/142","94/18986",0.074468085106383,9.95669763260413,7.55676291094043,6.71480295695499e-06,0.000146498227953351,0.000115903503218521,"1236/719/6693/729230/11151/3627/6352",7,"STA_vs_Unruptured","down","GO_BP"
"GO:0071353","cellular response to interleukin-4","5/142","36/18986",0.138888888888889,18.5700312989045,9.15971800541488,6.82118166276381e-06,0.000147235931848381,0.000116487144856829,"3561/3718/11151/6932/5788",5,"STA_vs_Unruptured","down","GO_BP"
"GO:0050864","regulation of B cell activation","8/142","133/18986",0.0601503759398496,8.04235941967595,7.07484123144963,7.16727304542633e-06,0.000153077863254421,0.000121109045919946,"7805/22806/3561/939/1880/3071/64092/5788",8,"STA_vs_Unruptured","down","GO_BP"
"GO:0070229","negative regulation of lymphocyte apoptotic process","5/142","38/18986",0.131578947368421,17.5926612305411,8.88769375849783,8.97351619426833e-06,0.000189659003730942,0.000150050572327404,"939/3718/5588/6352/3575",5,"STA_vs_Unruptured","down","GO_BP"
"GO:0002456","T cell mediated immunity","8/142","138/18986",0.0579710144927536,7.75096958562972,6.90933075524906,9.40606816012429e-06,0.000195347613080334,0.000154551171148613,"6693/64005/729230/924/3071/7454/5788/3575",8,"STA_vs_Unruptured","down","GO_BP"
"GO:0048872","homeostasis of number of cells","12/142","339/18986",0.0353982300884956,4.73289293281815,6.02010162286403,9.43522231733502e-06,0.000195347613080334,0.000154551171148613,"1236/729230/5142/3718/1880/11151/5293/3071/5423/3784/10320/3575",12,"STA_vs_Unruptured","down","GO_BP"
"GO:0032623","interleukin-2 production","6/142","66/18986",0.0909090909090909,12.1549295774648,7.88027112266134,9.89085091381673e-06,0.000199246883209427,0.000157636116777451,"7805/729230/5142/5588/5788/916",6,"STA_vs_Unruptured","down","GO_BP"
"GO:0032663","regulation of interleukin-2 production","6/142","66/18986",0.0909090909090909,12.1549295774648,7.88027112266134,9.89085091381673e-06,0.000199246883209427,0.000157636116777451,"7805/729230/5142/5588/5788/916",6,"STA_vs_Unruptured","down","GO_BP"
"GO:0030183","B cell differentiation","8/142","139/18986",0.0575539568345324,7.69520721451008,6.87722499328653,9.91815436380094e-06,0.000199246883209427,0.000157636116777451,"22806/3561/939/3718/1880/5293/3071/5788",8,"STA_vs_Unruptured","down","GO_BP"
"GO:0070670","response to interleukin-4","5/142","39/18986",0.128205128205128,17.141567352835,8.75932627671879,1.02315090365966e-05,0.000203526782698573,0.000161022201040349,"3561/3718/11151/6932/5788",5,"STA_vs_Unruptured","down","GO_BP"
"GO:0002820","negative regulation of adaptive immune response","6/142","67/18986",0.0895522388059701,11.9735127180996,7.81082502845805,1.07973508523047e-05,0.000212697328925496,0.000168277568214252,"6693/3718/3071/64092/5788/3575",6,"STA_vs_Unruptured","down","GO_BP"
"GO:1990868","response to chemokine","7/142","102/18986",0.0686274509803922,9.17578017122342,7.18695988633829,1.15272908664265e-05,0.000220882990366514,0.000174753734174955,"1236/1234/7852/729230/3576/3627/6352",7,"STA_vs_Unruptured","down","GO_BP"
"GO:1990869","cellular response to chemokine","7/142","102/18986",0.0686274509803922,9.17578017122342,7.18695988633829,1.15272908664265e-05,0.000220882990366514,0.000174753734174955,"1236/1234/7852/729230/3576/3627/6352",7,"STA_vs_Unruptured","down","GO_BP"
"GO:0002685","regulation of leukocyte migration","10/142","236/18986",0.0423728813559322,5.66543327763189,6.26051806954657,1.15394760861757e-05,0.000220882990366514,0.000174753734174955,"1236/719/6693/729230/3576/11151/3071/3627/63940/6352",10,"STA_vs_Unruptured","down","GO_BP"
"GO:0050854","regulation of antigen receptor-mediated signaling pathway","6/142","70/18986",0.0857142857142857,11.4603621730382,7.61104016861952,1.39276653801922e-05,0.000264104981835607,0.000208949234675781,"1236/7805/84174/26191/3932/5788",6,"STA_vs_Unruptured","down","GO_BP"
"GO:0070232","regulation of T cell apoptotic process","5/142","42/18986",0.119047619047619,15.9171696847753,8.4011387563404,1.48469334990675e-05,0.000276370899721174,0.000218653535355654,"939/3718/5588/6352/3575",5,"STA_vs_Unruptured","down","GO_BP"
"GO:2000403","positive regulation of lymphocyte migration","5/142","42/18986",0.119047619047619,15.9171696847753,8.4011387563404,1.48469334990675e-05,0.000276370899721174,0.000218653535355654,"6693/729230/11151/3627/6352",5,"STA_vs_Unruptured","down","GO_BP"
"GO:0002704","negative regulation of leukocyte mediated immunity","6/142","71/18986",0.0845070422535211,11.2989486213053,7.54712978183402,1.51203872521344e-05,0.000278902415768915,0.000220656368990478,"6693/729230/3718/3071/5788/3575",6,"STA_vs_Unruptured","down","GO_BP"
"GO:0002709","regulation of T cell mediated immunity","7/142","108/18986",0.0648148148148148,8.66601460615545,6.93531920007901,1.6768720064533e-05,0.000306520117215653,0.000242506383104911,"6693/729230/924/3071/7454/5788/3575",7,"STA_vs_Unruptured","down","GO_BP"
"GO:0002706","regulation of lymphocyte mediated immunity","9/142","198/18986",0.0454545454545455,6.07746478873239,6.23450768855614,1.84037796410987e-05,0.000333404186533832,0.00026377597699883,"7409/6693/729230/924/3820/3071/7454/5788/3575",9,"STA_vs_Unruptured","down","GO_BP"
"GO:0033630","positive regulation of cell adhesion mediated by integrin","4/142","22/18986",0.181818181818182,24.3098591549296,9.49618007771939,1.97582278391759e-05,0.000354773843236177,0.00028068278951787,"3071/6352/916/8631",4,"STA_vs_Unruptured","down","GO_BP"
"GO:1903706","regulation of hemopoiesis","13/142","433/18986",0.0300230946882217,4.01421461796181,5.5077468748554,2.28504441073723e-05,0.000406697816612793,0.000321762947956997,"729230/814/22806/864/3561/939/3718/3071/6932/914/5788/3575/10538",13,"STA_vs_Unruptured","down","GO_BP"
"GO:0002703","regulation of leukocyte mediated immunity","10/142","258/18986",0.0387596899224806,5.18233431597336,5.8714561678641,2.48927903511272e-05,0.000439195405412497,0.000347473732590106,"7409/6693/729230/924/3718/3820/3071/7454/5788/3575",10,"STA_vs_Unruptured","down","GO_BP"
"GO:0002366","leukocyte activation involved in immune response","11/142","315/18986",0.0349206349206349,4.66903644086743,5.70015201381676,2.55062183410715e-05,0.000446138939776156,0.000352967177587423,"6693/729230/6775/3718/1880/11151/5293/3071/3683/5788/10538",11,"STA_vs_Unruptured","down","GO_BP"
"GO:0048247","lymphocyte chemotaxis","5/142","47/18986",0.106382978723404,14.2238537608631,7.87936773836374,2.59807864812203e-05,0.000450555690345265,0.000356461532918228,"729230/1880/5293/3627/6352",5,"STA_vs_Unruptured","down","GO_BP"
"GO:0006925","inflammatory cell apoptotic process","4/142","24/18986",0.166666666666667,22.2840375586854,9.05691916339797,2.83697863249258e-05,0.000483410796661585,0.000382455171024833,"1234/6480/5293/6352",4,"STA_vs_Unruptured","down","GO_BP"
"GO:0046641","positive regulation of alpha-beta T cell proliferation","4/142","24/18986",0.166666666666667,22.2840375586854,9.05691916339797,2.83697863249258e-05,0.000483410796661585,0.000382455171024833,"729230/5588/5788/916",4,"STA_vs_Unruptured","down","GO_BP"
"GO:0002263","cell activation involved in immune response","11/142","319/18986",0.0344827586206897,4.6104905293832,5.64530243235752,2.86340973821605e-05,0.000483410796661585,0.000382455171024833,"6693/729230/6775/3718/1880/11151/5293/3071/3683/5788/10538",11,"STA_vs_Unruptured","down","GO_BP"
"GO:0031295","T cell costimulation","5/142","48/18986",0.104166666666667,13.9275234741784,7.78451971331861,2.88283422356096e-05,0.000483410796661585,0.000382455171024833,"1236/7409/6693/3932/916",5,"STA_vs_Unruptured","down","GO_BP"
"GO:0031294","lymphocyte costimulation","5/142","49/18986",0.102040816326531,13.643288301236,7.69246301249592,3.1912294409014e-05,0.000530738076687618,0.000419898610644921,"1236/7409/6693/3932/916",5,"STA_vs_Unruptured","down","GO_BP"
"GO:0090023","positive regulation of neutrophil chemotaxis","4/142","25/18986",0.16,21.392676056338,8.85679373930312,3.35779256718405e-05,0.000553899277952556,0.000438222821134418,"1236/719/3576/3071",4,"STA_vs_Unruptured","down","GO_BP"
"GO:2000404","regulation of T cell migration","5/142","50/18986",0.1,13.3704225352113,7.6030586191753,3.52460815771566e-05,0.000576728221935892,0.00045628416303195,"6693/729230/11151/3627/6352",5,"STA_vs_Unruptured","down","GO_BP"
"GO:0070227","lymphocyte apoptotic process","6/142","84/18986",0.0714285714285714,9.55030181086519,6.81757828561257,3.96315550119251e-05,0.000643299400953568,0.000508952601205775,"939/3718/917/5588/6352/3575",6,"STA_vs_Unruptured","down","GO_BP"
"GO:0032609","type II interferon production","7/142","124/18986",0.0564516129032258,7.54781917310313,6.3500416631542,4.09927775847586e-05,0.000654916108027364,0.000518143272414064,"1236/7805/26191/729230/5142/914/916",7,"STA_vs_Unruptured","down","GO_BP"
"GO:0032649","regulation of type II interferon production","7/142","124/18986",0.0564516129032258,7.54781917310313,6.3500416631542,4.09927775847586e-05,0.000654916108027364,0.000518143272414064,"1236/7805/26191/729230/5142/914/916",7,"STA_vs_Unruptured","down","GO_BP"
"GO:0006968","cellular defense response","5/142","52/18986",0.0961538461538462,12.8561755146262,7.43169761269623,4.27189344094873e-05,0.000671912541991083,0.000531590167070323,"6693/1234/729230/10578/3702",5,"STA_vs_Unruptured","down","GO_BP"
"GO:0071622","regulation of granulocyte chemotaxis","5/142","52/18986",0.0961538461538462,12.8561755146262,7.43169761269623,4.27189344094873e-05,0.000671912541991083,0.000531590167070323,"1236/719/3576/3071/6352",5,"STA_vs_Unruptured","down","GO_BP"
"GO:0071624","positive regulation of granulocyte chemotaxis","4/142","27/18986",0.148148148148148,19.8080333854982,8.48946810378633,4.60464557329259e-05,0.000718678912939282,0.000568589837997668,"1236/719/3576/3071",4,"STA_vs_Unruptured","down","GO_BP"
"GO:0001915","negative regulation of T cell mediated cytotoxicity","3/142","10/18986",0.3,40.1112676056338,10.7389663384437,4.72998882730912e-05,0.000732606666458794,0.000579608916162829,"3071/5788/3575",3,"STA_vs_Unruptured","down","GO_BP"
"GO:0051209","release of sequestered calcium ion into cytosol","7/142","129/18986",0.0542635658914729,7.2552680423627,6.1882436376613,5.27687052902478e-05,0.000811118962378128,0.000641724685547272,"1236/5330/1234/11151/3932/3627/5788",7,"STA_vs_Unruptured","down","GO_BP"
"GO:0002285","lymphocyte activation involved in immune response","9/142","227/18986",0.039647577092511,5.30104858224235,5.65907383341533,5.37304550942838e-05,0.000819692431475953,0.000648507669321589,"6693/6775/3718/1880/11151/3071/3683/5788/10538",9,"STA_vs_Unruptured","down","GO_BP"
"GO:0051283","negative regulation of sequestering of calcium ion","7/142","130/18986",0.0538461538461538,7.19945828819068,6.15692068342444,5.54272527950315e-05,0.000839267880008351,0.00066399497653121,"1236/5330/1234/11151/3932/3627/5788",7,"STA_vs_Unruptured","down","GO_BP"
"GO:0002697","regulation of immune effector process","12/142","410/18986",0.0292682926829268,3.91329440054964,5.17682073621788,6.09296856252525e-05,0.000905652953620204,0.000716516175596384,"7409/6693/7805/729230/924/3718/3820/3071/7454/5788/3575/10538",12,"STA_vs_Unruptured","down","GO_BP"
"GO:0051282","regulation of sequestering of calcium ion","7/142","132/18986",0.053030303030303,7.09037558685446,6.09525971436052,6.10737797158867e-05,0.000905652953620204,0.000716516175596384,"1236/5330/1234/11151/3932/3627/5788",7,"STA_vs_Unruptured","down","GO_BP"
"GO:0002455","humoral immune response mediated by circulating immunoglobulin","5/142","56/18986",0.0892857142857143,11.9378772635815,7.11565162656715,6.12986822746919e-05,0.000905652953620204,0.000716516175596384,"3503/3493/3502/3500/5788",5,"STA_vs_Unruptured","down","GO_BP"
"GO:0001773","myeloid dendritic cell activation","4/142","29/18986",0.137931034482759,18.4419621175328,8.15966742485736,6.1596898767663e-05,0.000905652953620204,0.000716516175596384,"10077/814/914/10538",4,"STA_vs_Unruptured","down","GO_BP"
"GO:0033632","regulation of cell-cell adhesion mediated by integrin","3/142","11/18986",0.272727272727273,36.4647887323944,10.2132920904403,6.4680996326351e-05,0.000930764124440894,0.000736383123536284,"6352/916/8631",3,"STA_vs_Unruptured","down","GO_BP"
"GO:0046643","regulation of gamma-delta T cell activation","3/142","11/18986",0.272727272727273,36.4647887323944,10.2132920904403,6.4680996326351e-05,0.000930764124440894,0.000736383123536284,"3071/6932/5788",3,"STA_vs_Unruptured","down","GO_BP"
"GO:2000109","regulation of macrophage apoptotic process","3/142","11/18986",0.272727272727273,36.4647887323944,10.2132920904403,6.4680996326351e-05,0.000930764124440894,0.000736383123536284,"1234/6480/6352",3,"STA_vs_Unruptured","down","GO_BP"
"GO:0002438","acute inflammatory response to antigenic stimulus","4/142","30/18986",0.133333333333333,17.8272300469484,8.00687105487159,7.06620900178834e-05,0.00100967169469215,0.000798811618067251,"1236/3500/6693/923",4,"STA_vs_Unruptured","down","GO_BP"
"GO:0002286","T cell activation involved in immune response","7/142","136/18986",0.0514705882352941,6.88183512841756,5.97571049199099,7.3781602254104e-05,0.00103960327064984,0.000822492276589975,"6693/6775/3718/1880/3071/3683/10538",7,"STA_vs_Unruptured","down","GO_BP"
"GO:0051208","sequestering of calcium ion","7/142","136/18986",0.0514705882352941,6.88183512841756,5.97571049199099,7.3781602254104e-05,0.00103960327064984,0.000822492276589975,"1236/5330/1234/11151/3932/3627/5788",7,"STA_vs_Unruptured","down","GO_BP"
"GO:0019730","antimicrobial humoral response","8/142","185/18986",0.0432432432432432,5.78180433955082,5.67348768419426,7.71140045561921e-05,0.00107906424306561,0.000853712210150221,"3503/3493/3502/3500/3576/10578/3627/6352",8,"STA_vs_Unruptured","down","GO_BP"
"GO:0038093","Fc receptor signaling pathway","5/142","59/18986",0.0847457627118644,11.3308665552638,6.89897850242851,7.89092307025909e-05,0.00109662211709286,0.000867603293593735,"7409/64005/919/3932/5588",5,"STA_vs_Unruptured","down","GO_BP"
"GO:0035771","interleukin-4-mediated signaling pathway","3/142","12/18986",0.25,33.4260563380282,9.7536739332635,8.57689545415653e-05,0.00118384495758392,0.000936610495351859,"3561/3718/5788",3,"STA_vs_Unruptured","down","GO_BP"
"GO:0031589","cell-substrate adhesion","11/142","361/18986",0.0304709141274238,4.07408996917795,5.11899799215492,8.73022254332564e-05,0.00119686632029782,0.000946912473582617,"1236/146183/64005/342184/6480/11151/3683/9806/5613/916/8631",11,"STA_vs_Unruptured","down","GO_BP"
"GO:0002710","negative regulation of T cell mediated immunity","4/142","32/18986",0.125,16.7130281690141,7.72231237429175,9.1651040147494e-05,0.00124805342590111,0.000987409651889286,"6693/3071/5788/3575",4,"STA_vs_Unruptured","down","GO_BP"
"GO:0070231","T cell apoptotic process","5/142","61/18986",0.0819672131147541,10.9593627337797,6.76303210107461,9.26523747155593e-05,0.00125327778865247,0.000991542957482301,"939/3718/5588/6352/3575",5,"STA_vs_Unruptured","down","GO_BP"
"GO:0006874","intracellular calcium ion homeostasis","10/142","304/18986",0.0328947368421053,4.39816530763529,5.18480628478454,9.86429278667999e-05,0.00132547351418369,0.00104866131053935,"1236/5330/1234/5579/729230/11151/3932/3627/5788/6352",10,"STA_vs_Unruptured","down","GO_BP"
"GO:0002823","negative regulation of adaptive immune response based on somatic recombination of immune receptors built from immunoglobulin superfamily domains","5/142","62/18986",0.0806451612903226,10.7825988187188,6.69740471914069,0.000100178179590128,0.00132850670842072,0.00105106105177121,"6693/3718/3071/5788/3575",5,"STA_vs_Unruptured","down","GO_BP"
"GO:0043370","regulation of CD4-positive, alpha-beta T cell differentiation","5/142","62/18986",0.0806451612903226,10.7825988187188,6.69740471914069,0.000100178179590128,0.00132850670842072,0.00105106105177121,"864/3561/3718/3071/10538",5,"STA_vs_Unruptured","down","GO_BP"
"GO:0002274","myeloid leukocyte activation","9/142","247/18986",0.0364372469635627,4.87181387922678,5.31682870287052,0.000102643614546741,0.00135236294750219,0.00106993514821449,"10077/729230/3576/814/5293/914/5788/6352/10538",9,"STA_vs_Unruptured","down","GO_BP"
"GO:0033032","regulation of myeloid cell apoptotic process","4/142","33/18986",0.121212121212121,16.2065727699531,7.58948415064234,0.000103689471284555,0.00135732862733137,0.00107386379428826,"1234/6480/5293/6352",4,"STA_vs_Unruptured","down","GO_BP"
"GO:0042492","gamma-delta T cell differentiation","3/142","13/18986",0.230769230769231,30.8548212351029,9.34719005010968,0.000110889120641506,0.001442269396036,0.00114106551267407,"3071/6932/5788",3,"STA_vs_Unruptured","down","GO_BP"
"GO:0002695","negative regulation of leukocyte activation","8/142","196/18986",0.0408163265306122,5.45731532049439,5.4450381748241,0.000115277318446069,0.00148979413456735,0.00117866517351831,"6693/7805/10077/26191/864/3718/64092/5788",8,"STA_vs_Unruptured","down","GO_BP"
"GO:0090022","regulation of neutrophil chemotaxis","4/142","34/18986",0.117647058823529,15.7299088649544,7.46233806037817,0.000116835326295802,0.00150037263958344,0.0011870344610333,"1236/719/3576/3071",4,"STA_vs_Unruptured","down","GO_BP"
"GO:0071675","regulation of mononuclear cell migration","7/142","147/18986",0.0476190476190476,6.36686787391013,5.67039839637804,0.000120225130992584,0.00153419365272926,0.00121379228575763,"1236/719/6693/729230/11151/3627/6352",7,"STA_vs_Unruptured","down","GO_BP"
"GO:0038094","Fc-gamma receptor signaling pathway","4/142","35/18986",0.114285714285714,15.2804828973843,7.34046842615986,0.000131148375135953,0.00164259292068425,0.00129955342483644,"7409/64005/919/3932",4,"STA_vs_Unruptured","down","GO_BP"
"GO:0045577","regulation of B cell differentiation","4/142","35/18986",0.114285714285714,15.2804828973843,7.34046842615986,0.000131148375135953,0.00164259292068425,0.00129955342483644,"22806/3561/939/3071",4,"STA_vs_Unruptured","down","GO_BP"
"GO:1902624","positive regulation of neutrophil migration","4/142","35/18986",0.114285714285714,15.2804828973843,7.34046842615986,0.000131148375135953,0.00164259292068425,0.00129955342483644,"1236/719/3576/3071",4,"STA_vs_Unruptured","down","GO_BP"
"GO:0006816","calcium ion transport","12/142","445/18986",0.0269662921348315,3.60550720050641,4.82801522978271,0.000132072572486394,0.00164401993604229,0.00130068242196804,"1236/5330/1234/7852/5579/5142/11151/3932/2035/3627/5788/6352",12,"STA_vs_Unruptured","down","GO_BP"
"GO:0071888","macrophage apoptotic process","3/142","14/18986",0.214285714285714,28.6509054325956,8.98420683862822,0.000140359093321543,0.00173651585578908,0.0013738614718572,"1234/6480/6352",3,"STA_vs_Unruptured","down","GO_BP"
"GO:0050777","negative regulation of immune response","8/142","207/18986",0.0386473429951691,5.16731305708648,5.23320796444729,0.000167881725510507,0.00206443649127769,0.00163329908391403,"79651/6693/729230/3718/3071/64092/5788/3575",8,"STA_vs_Unruptured","down","GO_BP"
"GO:0010819","regulation of T cell chemotaxis","3/142","15/18986",0.2,26.7408450704225,8.65737527187877,0.000174488828091923,0.00211998701915276,0.00167724842634845,"729230/3627/6352",3,"STA_vs_Unruptured","down","GO_BP"
"GO:0043374","CD8-positive, alpha-beta T cell differentiation","3/142","15/18986",0.2,26.7408450704225,8.65737527187877,0.000174488828091923,0.00211998701915276,0.00167724842634845,"864/3071/944",3,"STA_vs_Unruptured","down","GO_BP"
"GO:2000401","regulation of lymphocyte migration","5/142","70/18986",0.0714285714285714,9.55030181086519,6.22126552214909,0.000178610343698863,0.00215714516288687,0.00170664645451608,"6693/729230/11151/3627/6352",5,"STA_vs_Unruptured","down","GO_BP"
"GO:0055074","calcium ion homeostasis","10/142","329/18986",0.0303951367781155,4.06395821738944,4.86656812173897,0.000187804546553485,0.00225476582814805,0.00178387999684873,"1236/5330/1234/5579/729230/11151/3932/3627/5788/6352",10,"STA_vs_Unruptured","down","GO_BP"
"GO:0050918","positive chemotaxis","5/142","72/18986",0.0694444444444444,9.28501564945227,6.11407573606574,0.000204025924447934,0.00243510941591093,0.00192656058689225,"3576/1901/11151/3627/6352",5,"STA_vs_Unruptured","down","GO_BP"
"GO:0033028","myeloid cell apoptotic process","4/142","40/18986",0.1,13.3704225352113,6.79858745191824,0.00022237294290163,0.002638565503786,0.00208752685703284,"1234/6480/5293/6352",4,"STA_vs_Unruptured","down","GO_BP"
"GO:0050866","negative regulation of cell activation","8/142","219/18986",0.0365296803652968,4.88417261560229,5.01864039147037,0.000246355457822447,0.0028993050569314,0.00229381349994573,"6693/7805/10077/26191/864/3718/64092/5788",8,"STA_vs_Unruptured","down","GO_BP"
"GO:0045123","cellular extravasation","5/142","75/18986",0.0666666666666667,8.91361502347418,5.96089166202044,0.000247205408994151,0.0028993050569314,0.00229381349994573,"6693/729230/5293/120425/3683",5,"STA_vs_Unruptured","down","GO_BP"
"GO:0042742","defense response to bacterium","10/142","342/18986",0.0292397660818713,3.90948027345359,4.71326488799613,0.000256255072396479,0.00298816978099112,0.00236411969391791,"3503/3493/3502/3500/6693/51316/10578/115362/3575/944",10,"STA_vs_Unruptured","down","GO_BP"
"GO:0045579","positive regulation of B cell differentiation","3/142","17/18986",0.176470588235294,23.5948632974316,8.09049112271058,0.000257929875202836,0.00299051266735174,0.00236597329133429,"3561/939/3071",3,"STA_vs_Unruptured","down","GO_BP"
"GO:0006958","complement activation, classical pathway","4/142","42/18986",0.0952380952380952,12.7337357478203,6.60827383684443,0.000269216417108168,0.00310363699041178,0.0024554727038873,"3503/3493/3502/3500",4,"STA_vs_Unruptured","down","GO_BP"
"GO:0032729","positive regulation of type II interferon production","5/142","77/18986",0.0649350649350649,8.68209255533199,5.8634542668129,0.000279628797470304,0.00320546231676411,0.00253603280488976,"26191/729230/5142/914/916",5,"STA_vs_Unruptured","down","GO_BP"
"GO:0051250","negative regulation of lymphocyte activation","7/142","169/18986",0.0414201183431953,5.53804483706976,5.14398706103266,0.00028392271856415,0.00323639997734079,0.0025605094370806,"6693/7805/10077/26191/864/3718/64092",7,"STA_vs_Unruptured","down","GO_BP"
"GO:0051651","maintenance of location in cell","8/142","224/18986",0.0357142857142857,4.7751509054326,4.93380164017529,0.000286889443108192,0.00325194793333252,0.00257281035424871,"1236/5330/1234/11151/3932/3627/5788/5552",8,"STA_vs_Unruptured","down","GO_BP"
"GO:0046640","regulation of alpha-beta T cell proliferation","4/142","43/18986",0.0930232558139535,12.4376023583361,6.51790110975324,0.000295115544949215,0.00332660800389976,0.00263187839793891,"729230/5588/5788/916",4,"STA_vs_Unruptured","down","GO_BP"
"GO:0033631","cell-cell adhesion mediated by integrin","3/142","18/18986",0.166666666666667,22.2840375586854,7.84228143722175,0.000307823905539954,0.00345068897425728,0.00273004626896441,"6352/916/8631",3,"STA_vs_Unruptured","down","GO_BP"
"GO:0045582","positive regulation of T cell differentiation","6/142","122/18986",0.0491803278688525,6.57561764026784,5.36313748174464,0.000312491168232802,0.0034837614304635,0.00275621186555826,"864/3561/939/3071/5788/3575",6,"STA_vs_Unruptured","down","GO_BP"
"GO:0042267","natural killer cell mediated cytotoxicity","5/142","79/18986",0.0632911392405063,8.4622927438046,5.76949021314262,0.000315181702815276,0.00349455560115954,0.00276475177908137,"7409/11151/3820/914/10870",5,"STA_vs_Unruptured","down","GO_BP"
"GO:0046637","regulation of alpha-beta T cell differentiation","5/142","80/18986",0.0625,8.35651408450704,5.72374349094984,0.000334192187155919,0.00368519536814869,0.0029155782918351,"864/3561/3718/3071/10538",5,"STA_vs_Unruptured","down","GO_BP"
"GO:0042093","T-helper cell differentiation","5/142","81/18986",0.0617283950617284,8.25334724395757,5.67878678393076,0.000354058215795643,0.00388315740459114,0.00307219788954968,"6693/6775/3718/1880/10538",5,"STA_vs_Unruptured","down","GO_BP"
"GO:0002524","hypersensitivity","3/142","19/18986",0.157894736842105,21.1111934766494,7.61339298510105,0.000363543355896863,0.00396574983395018,0.00313754169633682,"1236/3500/6693",3,"STA_vs_Unruptured","down","GO_BP"
"GO:0046633","alpha-beta T cell proliferation","4/142","46/18986",0.0869565217391304,11.6264543784446,6.26383394061499,0.000383517621601826,0.00416126873919842,0.00329222838695629,"729230/5588/5788/916",4,"STA_vs_Unruptured","down","GO_BP"
"GO:0002294","CD4-positive, alpha-beta T cell differentiation involved in immune response","5/142","83/18986",0.0602409638554217,8.05447140675378,5.59114920141922,0.000396457253643878,0.00427878599810334,0.00338520331358854,"6693/6775/3718/1880/10538",5,"STA_vs_Unruptured","down","GO_BP"
"GO:0002698","negative regulation of immune effector process","6/142","128/18986",0.046875,6.26738556338028,5.19057180558857,0.000404242960113411,0.00433972997920694,0.00343341973919773,"6693/729230/3718/3071/5788/3575",6,"STA_vs_Unruptured","down","GO_BP"
"GO:1902622","regulation of neutrophil migration","4/142","47/18986",0.0851063829787234,11.3790830086904,6.18432518170387,0.000416776862078163,0.00440536015979878,0.00348534369728056,"1236/719/3576/3071",4,"STA_vs_Unruptured","down","GO_BP"
"GO:0002228","natural killer cell mediated immunity","5/142","84/18986",0.0595238095238095,7.95858484238766,5.54842366614126,0.000419041158620584,0.00440536015979878,0.00348534369728056,"7409/11151/3820/914/10870",5,"STA_vs_Unruptured","down","GO_BP"
"GO:0002287","alpha-beta T cell activation involved in immune response","5/142","84/18986",0.0595238095238095,7.95858484238766,5.54842366614126,0.000419041158620584,0.00440536015979878,0.00348534369728056,"6693/6775/3718/1880/10538",5,"STA_vs_Unruptured","down","GO_BP"
"GO:0002293","alpha-beta T cell differentiation involved in immune response","5/142","84/18986",0.0595238095238095,7.95858484238766,5.54842366614126,0.000419041158620584,0.00440536015979878,0.00348534369728056,"6693/6775/3718/1880/10538",5,"STA_vs_Unruptured","down","GO_BP"
"GO:0033033","negative regulation of myeloid cell apoptotic process","3/142","20/18986",0.15,20.0556338028169,7.40139271188275,0.000425361654598561,0.00442594254964349,0.00350162765593957,"1234/6480/6352",3,"STA_vs_Unruptured","down","GO_BP"
"GO:0098761","cellular response to interleukin-7","3/142","20/18986",0.15,20.0556338028169,7.40139271188275,0.000425361654598561,0.00442594254964349,0.00350162765593957,"3561/3718/3575",3,"STA_vs_Unruptured","down","GO_BP"
"GO:0002437","inflammatory response to antigenic stimulus","5/142","85/18986",0.0588235294117647,7.86495443247722,5.50639872282423,0.00044258238842337,0.00458163094954601,0.00362480205341375,"1236/79651/3500/6693/923",5,"STA_vs_Unruptured","down","GO_BP"
"GO:2000516","positive regulation of CD4-positive, alpha-beta T cell activation","4/142","48/18986",0.0833333333333333,11.1420187793427,6.10718249928829,0.000452044909336576,0.00465583310174575,0.00368350781051712,"3561/3071/5588/916",4,"STA_vs_Unruptured","down","GO_BP"
"GO:0050871","positive regulation of B cell activation","5/142","86/18986",0.0581395348837209,7.77350147396004,5.46505426139904,0.000467107087986368,0.00478666808850677,0.00378701918755561,"3561/939/1880/3071/5788",5,"STA_vs_Unruptured","down","GO_BP"
"GO:0033628","regulation of cell adhesion mediated by integrin","4/142","49/18986",0.0816326530612245,10.9146306409888,6.0322858793712,0.00048939003066347,0.00493302126972881,0.00390280793563665,"3071/6352/916/8631",4,"STA_vs_Unruptured","down","GO_BP"
"GO:0042088","T-helper 1 type immune response","4/142","49/18986",0.0816326530612245,10.9146306409888,6.0322858793712,0.00048939003066347,0.00493302126972881,0.00390280793563665,"6693/729230/6775/3718",4,"STA_vs_Unruptured","down","GO_BP"
"GO:0043029","T cell homeostasis","4/142","49/18986",0.0816326530612245,10.9146306409888,6.0322858793712,0.00048939003066347,0.00493302126972881,0.00390280793563665,"3718/11151/3071/3575",4,"STA_vs_Unruptured","down","GO_BP"
"GO:0001780","neutrophil homeostasis","3/142","21/18986",0.142857142857143,19.1006036217304,7.2042571635641,0.000493545252713133,0.00493302126972881,0.00390280793563665,"729230/5142/5293",3,"STA_vs_Unruptured","down","GO_BP"
"GO:0098760","response to interleukin-7","3/142","21/18986",0.142857142857143,19.1006036217304,7.2042571635641,0.000493545252713133,0.00493302126972881,0.00390280793563665,"3561/3718/3575",3,"STA_vs_Unruptured","down","GO_BP"
"GO:0050868","negative regulation of T cell activation","6/142","134/18986",0.0447761194029851,5.98675635904982,5.02868878566203,0.000515811830017571,0.00513030491718456,0.00405889081928171,"6693/7805/10077/26191/864/3718",6,"STA_vs_Unruptured","down","GO_BP"
"GO:0033627","cell adhesion mediated by integrin","5/142","89/18986",0.0561797752808989,7.51147333438835,5.34491451130185,0.000546847450675358,0.0054124559874161,0.00428211739296493,"3071/3683/6352/916/8631",5,"STA_vs_Unruptured","down","GO_BP"
"GO:0097553","calcium ion transmembrane import into cytosol","7/142","189/18986",0.037037037037037,4.95200834637454,4.73988068649861,0.000556480379285534,0.00548106159985606,0.00433639539300174,"1236/5330/1234/11151/3932/3627/5788",7,"STA_vs_Unruptured","down","GO_BP"
"GO:0090026","positive regulation of monocyte chemotaxis","3/142","22/18986",0.136363636363636,18.2323943661972,7.02028780972186,0.000568353730324812,0.00557096482526108,0.0044075232074515,"729230/3627/6352",3,"STA_vs_Unruptured","down","GO_BP"
"GO:0045621","positive regulation of lymphocyte differentiation","6/142","137/18986",0.0437956204379562,5.85565950447209,4.95139160989424,0.000579898013097798,0.00565679359892034,0.00447542747962622,"864/3561/939/3071/5788/3575",6,"STA_vs_Unruptured","down","GO_BP"
"GO:0007200","phospholipase C-activating G protein-coupled receptor signaling pathway","6/142","138/18986",0.0434782608695652,5.81322718922229,4.92613368030637,0.00060257970057244,0.00584992446153818,0.00462822484700564,"719/5330/5032/2769/5579/1901",6,"STA_vs_Unruptured","down","GO_BP"
"GO:0002292","T cell differentiation involved in immune response","5/142","92/18986",0.0543478260869565,7.26653398652786,5.23024800770954,0.000636405398235819,0.00611974669677951,0.00484169734252743,"6693/6775/3718/1880/10538",5,"STA_vs_Unruptured","down","GO_BP"
"GO:0042100","B cell proliferation","5/142","92/18986",0.0543478260869565,7.26653398652786,5.23024800770954,0.000636405398235819,0.00611974669677951,0.00484169734252743,"22806/1880/3071/5788/3575",5,"STA_vs_Unruptured","down","GO_BP"
"GO:0045063","T-helper 1 cell differentiation","3/142","24/18986",0.125,16.7130281690141,6.6863077809634,0.000738849917952227,0.0070713513373824,0.00559456864387858,"6693/6775/3718",3,"STA_vs_Unruptured","down","GO_BP"
"GO:0001954","positive regulation of cell-matrix adhesion","4/142","56/18986",0.0714285714285714,9.55030181086519,5.56241101650479,0.000814756159376667,0.00776122181866318,0.0061403664099304,"1236/342184/916/8631",4,"STA_vs_Unruptured","down","GO_BP"
"GO:1901623","regulation of lymphocyte chemotaxis","3/142","25/18986",0.12,16.0445070422535,6.53401718414096,0.000835023371445008,0.00791711411524262,0.00626370212225104,"729230/3627/6352",3,"STA_vs_Unruptured","down","GO_BP"
"GO:0001910","regulation of leukocyte mediated cytotoxicity","5/142","98/18986",0.0510204081632653,6.82164415061799,5.01566626552111,0.000847980258788315,0.00800256718642554,0.00633130915374385,"7409/3820/3071/5788/3575",5,"STA_vs_Unruptured","down","GO_BP"
"GO:0001911","negative regulation of leukocyte mediated cytotoxicity","3/142","26/18986",0.115384615384615,15.4274106175515,6.39026436130823,0.000938793394905126,0.00877793455420507,0.00694474861620333,"3071/5788/3575",3,"STA_vs_Unruptured","down","GO_BP"
"GO:0050860","negative regulation of T cell receptor signaling pathway","3/142","26/18986",0.115384615384615,15.4274106175515,6.39026436130823,0.000938793394905126,0.00877793455420507,0.00694474861620333,"7805/84174/26191",3,"STA_vs_Unruptured","down","GO_BP"
"GO:1903038","negative regulation of leukocyte cell-cell adhesion","6/142","153/18986",0.0392156862745098,5.24330295498481,4.57459790899785,0.00103285112648823,0.00961309603506705,0.00760549477496161,"6693/7805/10077/26191/864/3718",6,"STA_vs_Unruptured","down","GO_BP"
"GO:0002707","negative regulation of lymphocyte mediated immunity","4/142","60/18986",0.0666666666666667,8.91361502347418,5.32947036504631,0.00105704698903241,0.00979337141893498,0.00774812140482781,"6693/3071/5788/3575",4,"STA_vs_Unruptured","down","GO_BP"
"GO:0097305","response to alcohol","8/142","275/18986",0.0290909090909091,3.88957746478873,4.19001052950624,0.00110335055063913,0.0101759012147582,0.00805076358719942,"1236/1234/5579/57476/6480/939/5423/5788",8,"STA_vs_Unruptured","down","GO_BP"
"GO:0002295","T-helper cell lineage commitment","3/142","28/18986",0.107142857142857,14.3254527162978,6.12530408810629,0.00117002398727949,0.0105981190633486,0.00838480535996813,"6693/3718/10538",3,"STA_vs_Unruptured","down","GO_BP"
"GO:0033081","regulation of T cell differentiation in thymus","3/142","28/18986",0.107142857142857,14.3254527162978,6.12530408810629,0.00117002398727949,0.0105981190633486,0.00838480535996813,"814/3561/3575",3,"STA_vs_Unruptured","down","GO_BP"
"GO:0036037","CD8-positive, alpha-beta T cell activation","3/142","28/18986",0.107142857142857,14.3254527162978,6.12530408810629,0.00117002398727949,0.0105981190633486,0.00838480535996813,"864/3071/944",3,"STA_vs_Unruptured","down","GO_BP"
"GO:0050857","positive regulation of antigen receptor-mediated signaling pathway","3/142","28/18986",0.107142857142857,14.3254527162978,6.12530408810629,0.00117002398727949,0.0105981190633486,0.00838480535996813,"1236/3932/5788",3,"STA_vs_Unruptured","down","GO_BP"
"GO:0034113","heterotypic cell-cell adhesion","4/142","63/18986",0.0634920634920635,8.4891571652135,5.16857889454734,0.00126909177438517,0.0114443876010111,0.00905433897514562,"3932/914/5788/8631",4,"STA_vs_Unruptured","down","GO_BP"
"GO:0031342","negative regulation of cell killing","3/142","29/18986",0.103448275862069,13.8314715881496,6.00279601717293,0.00129791942056931,0.0116229398644849,0.00919560234149025,"3071/5788/3575",3,"STA_vs_Unruptured","down","GO_BP"
"GO:0097696","cell surface receptor signaling pathway via STAT","6/142","160/18986",0.0375,5.01390845070423,4.4259994147697,0.00130034861963434,0.0116229398644849,0.00919560234149025,"729230/6775/3718/5788/6352/3575",6,"STA_vs_Unruptured","down","GO_BP"
"GO:1900017","positive regulation of cytokine production involved in inflammatory response","3/142","30/18986",0.1,13.3704225352113,5.88619623416136,0.00143428134618614,0.0127638458395249,0.0100982412416152,"115362/923/63940",3,"STA_vs_Unruptured","down","GO_BP"
"GO:0045744","negative regulation of G protein-coupled receptor signaling pathway","4/142","66/18986",0.0606060606060606,8.10328638497653,5.01803459957349,0.00150922537888699,0.013372132287169,0.0105794930030001,"6295/3576/5142/6352",4,"STA_vs_Unruptured","down","GO_BP"
"GO:0031341","regulation of cell killing","5/142","112/18986",0.0446428571428571,5.96893863179074,4.57829311757712,0.00154128200666729,0.0135967877892519,0.0107572313966481,"7409/3820/3071/5788/3575",5,"STA_vs_Unruptured","down","GO_BP"
"GO:0002431","Fc receptor mediated stimulatory signaling pathway","3/142","31/18986",0.0967741935483871,12.9391185824625,5.77502865422596,0.00157931207642977,0.0137528935754335,0.0108807360133517,"7409/64005/5788",3,"STA_vs_Unruptured","down","GO_BP"
"GO:0043373","CD4-positive, alpha-beta T cell lineage commitment","3/142","31/18986",0.0967741935483871,12.9391185824625,5.77502865422596,0.00157931207642977,0.0137528935754335,0.0108807360133517,"6693/3718/10538",3,"STA_vs_Unruptured","down","GO_BP"
"GO:0090025","regulation of monocyte chemotaxis","3/142","31/18986",0.0967741935483871,12.9391185824625,5.77502865422596,0.00157931207642977,0.0137528935754335,0.0108807360133517,"729230/3627/6352",3,"STA_vs_Unruptured","down","GO_BP"
"GO:0006956","complement activation","4/142","67/18986",0.0597014925373134,7.98234181206643,4.96995370433965,0.00159583630388007,0.0137785185556284,0.010901009466594,"3503/3493/3502/3500",4,"STA_vs_Unruptured","down","GO_BP"
"GO:0030888","regulation of B cell proliferation","4/142","67/18986",0.0597014925373134,7.98234181206643,4.96995370433965,0.00159583630388007,0.0137785185556284,0.010901009466594,"22806/1880/3071/5788",4,"STA_vs_Unruptured","down","GO_BP"
"GO:0071222","cellular response to lipopolysaccharide","7/142","228/18986",0.0307017543859649,4.10495428712627,4.09441909091121,0.00165907176888266,0.0142637992333174,0.0112849440122482,"1234/26191/3576/5142/115362/923/3627",7,"STA_vs_Unruptured","down","GO_BP"
"GO:0001562","response to protozoan","3/142","32/18986",0.09375,12.5347711267606,5.66886947879731,0.00173320804570036,0.0148383085431478,0.011739472661306,"6693/10077/10538",3,"STA_vs_Unruptured","down","GO_BP"
"GO:0002440","production of molecular mediator of immune response","7/142","230/18986",0.0304347826086957,4.0692590324556,4.06527822438949,0.00174353151236267,0.0148639724310246,0.0117597768967407,"7805/729230/924/3718/5423/5788/10538",7,"STA_vs_Unruptured","down","GO_BP"
"GO:0007204","positive regulation of cytosolic calcium ion concentration","6/142","170/18986",0.0352941176470588,4.71897265948633,4.22811430015884,0.00177068690194816,0.0150323168370411,0.0118929642170048,"1236/719/1234/7852/1043/729230",6,"STA_vs_Unruptured","down","GO_BP"
"GO:0002363","alpha-beta T cell lineage commitment","3/142","33/18986",0.0909090909090909,12.1549295774648,5.56734002529367,0.00189615990314194,0.0160304518478125,0.0126826484749625,"6693/3718/10538",3,"STA_vs_Unruptured","down","GO_BP"
"GO:0043369","CD4-positive or CD8-positive, alpha-beta T cell lineage commitment","3/142","35/18986",0.0857142857142857,11.4603621730382,5.37684606389944,0.00224996550059496,0.0188643801682115,0.0149247385315673,"6693/3718/10538",3,"STA_vs_Unruptured","down","GO_BP"
"GO:0050858","negative regulation of antigen receptor-mediated signaling pathway","3/142","35/18986",0.0857142857142857,11.4603621730382,5.37684606389944,0.00224996550059496,0.0188643801682115,0.0149247385315673,"7805/84174/26191",3,"STA_vs_Unruptured","down","GO_BP"
"GO:0071219","cellular response to molecule of bacterial origin","7/142","242/18986",0.0289256198347107,3.86747759282971,3.89708163388307,0.00232284489033869,0.0193952768827046,0.0153447626500607,"1234/26191/3576/5142/115362/923/3627",7,"STA_vs_Unruptured","down","GO_BP"
"GO:0002883","regulation of hypersensitivity","2/142","10/18986",0.2,26.7408450704225,7.06778597721911,0.00240318493412065,0.0198213911842716,0.0156818871396405,"1236/6693",2,"STA_vs_Unruptured","down","GO_BP"
"GO:0035747","natural killer cell chemotaxis","2/142","10/18986",0.2,26.7408450704225,7.06778597721911,0.00240318493412065,0.0198213911842716,0.0156818871396405,"5293/6352",2,"STA_vs_Unruptured","down","GO_BP"
"GO:2000563","positive regulation of CD4-positive, alpha-beta T cell proliferation","2/142","10/18986",0.2,26.7408450704225,7.06778597721911,0.00240318493412065,0.0198213911842716,0.0156818871396405,"5588/916",2,"STA_vs_Unruptured","down","GO_BP"
"GO:0002262","myeloid cell homeostasis","6/142","183/18986",0.0327868852459016,4.38374509351189,3.99275383999991,0.00256293292920926,0.021053404507553,0.0166566065077525,"729230/5142/5293/3071/3784/10320",6,"STA_vs_Unruptured","down","GO_BP"
"GO:0010811","positive regulation of cell-substrate adhesion","5/142","126/18986",0.0396825396825397,5.30572322825844,4.2094316629102,0.00258213179505464,0.0211255863393785,0.0167137138686686,"1236/342184/9806/916/8631",5,"STA_vs_Unruptured","down","GO_BP"
"GO:0043491","phosphatidylinositol 3-kinase/protein kinase B signal transduction","8/142","317/18986",0.0252365930599369,3.37423912560537,3.70046657679017,0.00268662080654569,0.0218921831987197,0.017320214457756,"1236/7409/23026/26051/5293/10870/6352/23533",8,"STA_vs_Unruptured","down","GO_BP"
"GO:2000316","regulation of T-helper 17 type immune response","3/142","38/18986",0.0789473684210526,10.5555967383247,5.1183602382968,0.00285303669625052,0.0231552458267692,0.0183194987864507,"3718/5588/10538",3,"STA_vs_Unruptured","down","GO_BP"
"GO:0019731","antibacterial humoral response","4/142","79/18986",0.0506329113924051,6.76983419504368,4.46096167259018,0.00291975581461621,0.0231658893496296,0.0183279195134679,"3503/3493/3502/3500",4,"STA_vs_Unruptured","down","GO_BP"
"GO:0033089","positive regulation of T cell differentiation in thymus","2/142","11/18986",0.181818181818182,24.3098591549296,6.71286672346257,0.00292285247585272,0.0231658893496296,0.0183279195134679,"3561/3575",2,"STA_vs_Unruptured","down","GO_BP"
"GO:0035696","monocyte extravasation","2/142","11/18986",0.181818181818182,24.3098591549296,6.71286672346257,0.00292285247585272,0.0231658893496296,0.0183279195134679,"729230/120425",2,"STA_vs_Unruptured","down","GO_BP"
"GO:0035723","interleukin-15-mediated signaling pathway","2/142","11/18986",0.181818181818182,24.3098591549296,6.71286672346257,0.00292285247585272,0.0231658893496296,0.0183279195134679,"3561/3718",2,"STA_vs_Unruptured","down","GO_BP"
"GO:0070669","response to interleukin-2","2/142","11/18986",0.181818181818182,24.3098591549296,6.71286672346257,0.00292285247585272,0.0231658893496296,0.0183279195134679,"3561/3718",2,"STA_vs_Unruptured","down","GO_BP"
"GO:0071350","cellular response to interleukin-15","2/142","11/18986",0.181818181818182,24.3098591549296,6.71286672346257,0.00292285247585272,0.0231658893496296,0.0183279195134679,"3561/3718",2,"STA_vs_Unruptured","down","GO_BP"
"GO:0032970","regulation of actin filament-based process","9/142","395/18986",0.0227848101265823,3.04642538776966,3.56784527693109,0.002935284784785,0.023173902055754,0.0183342588441414,"1236/11113/342184/1901/5142/11151/3071/7454/10788",9,"STA_vs_Unruptured","down","GO_BP"
"GO:0007259","cell surface receptor signaling pathway via JAK-STAT","5/142","132/18986",0.0378787878787879,5.06455399061033,4.06781352685113,0.00315615752704781,0.0248210993115504,0.0196374550336512,"729230/6775/3718/5788/3575",5,"STA_vs_Unruptured","down","GO_BP"
"GO:0002260","lymphocyte homeostasis","4/142","81/18986",0.0493827160493827,6.60267779516606,4.38644553303526,0.00319619031313613,0.0249425774821277,0.019733563674221,"3718/11151/3071/3575",4,"STA_vs_Unruptured","down","GO_BP"
"GO:0043299","leukocyte degranulation","4/142","81/18986",0.0493827160493827,6.60267779516606,4.38644553303526,0.00319619031313613,0.0249425774821277,0.019733563674221,"729230/11151/5293/3071",4,"STA_vs_Unruptured","down","GO_BP"
"GO:0045730","respiratory burst","3/142","40/18986",0.075,10.0278169014085,4.96154456563053,0.00330522913877094,0.0256516400405953,0.0202945454394998,"3493/1043/5293",3,"STA_vs_Unruptured","down","GO_BP"
"GO:0043269","regulation of monoatomic ion transport","10/142","480/18986",0.0208333333333333,2.78550469483568,3.4394441473024,0.00331233597369935,0.0256516400405953,0.0202945454394998,"7852/57628/729230/5142/1804/11151/3784/2035/3627/6352",10,"STA_vs_Unruptured","down","GO_BP"
"GO:0070672","response to interleukin-15","2/142","12/18986",0.166666666666667,22.2840375586854,6.40218348375865,0.00349026918011495,0.0267517949013044,0.0211649436976936,"3561/3718",2,"STA_vs_Unruptured","down","GO_BP"
"GO:0071872","cellular response to epinephrine stimulus","2/142","12/18986",0.166666666666667,22.2840375586854,6.40218348375865,0.00349026918011495,0.0267517949013044,0.0211649436976936,"5142/3784",2,"STA_vs_Unruptured","down","GO_BP"
"GO:1902107","positive regulation of leukocyte differentiation","6/142","195/18986",0.0307692307692308,4.11397616468039,3.79420304792723,0.00350713526059486,0.0267517949013044,0.0211649436976936,"864/3561/939/3071/5788/3575",6,"STA_vs_Unruptured","down","GO_BP"
"GO:1903708","positive regulation of hemopoiesis","6/142","195/18986",0.0307692307692308,4.11397616468039,3.79420304792723,0.00350713526059486,0.0267517949013044,0.0211649436976936,"864/3561/939/3071/5788/3575",6,"STA_vs_Unruptured","down","GO_BP"
"GO:0002360","T cell lineage commitment","3/142","41/18986",0.0731707317073171,9.7832360013741,4.88722238008624,0.00354682690614739,0.0269532276875395,0.0213243092129894,"6693/3718/10538",3,"STA_vs_Unruptured","down","GO_BP"
"GO:0010959","regulation of metal ion transport","9/142","408/18986",0.0220588235294118,2.94935791217896,3.45529484769728,0.0036327871881418,0.0275034522564914,0.021759624752224,"7852/57628/5142/1804/11151/3784/2035/3627/6352",9,"STA_vs_Unruptured","down","GO_BP"
"GO:0002821","positive regulation of adaptive immune response","5/142","139/18986",0.0359712230215827,4.8095045090688,3.91307076576012,0.00393606760960888,0.0296887776204327,0.0234885662479105,"729230/924/5588/5788/8631",5,"STA_vs_Unruptured","down","GO_BP"
"GO:0031334","positive regulation of protein-containing complex assembly","6/142","200/18986",0.03,4.01112676056338,3.71612062346566,0.00396877172186343,0.0298245845320774,0.0235960112118586,"1236/26191/342184/115362/3071/8631",6,"STA_vs_Unruptured","down","GO_BP"
"GO:0030866","cortical actin cytoskeleton organization","3/142","43/18986",0.0697674418604651,9.32820176875205,4.74595932347965,0.00406173843329242,0.0304105803732484,0.0240596275423226,"3071/2035/10788",3,"STA_vs_Unruptured","down","GO_BP"
"GO:0002357","defense response to tumor cell","2/142","13/18986",0.153846153846154,20.569880823402,6.12709732454388,0.00410470191820103,0.0305071069305124,0.0241359954704321,"7805/51225",2,"STA_vs_Unruptured","down","GO_BP"
"GO:0043301","negative regulation of leukocyte degranulation","2/142","13/18986",0.153846153846154,20.569880823402,6.12709732454388,0.00410470191820103,0.0305071069305124,0.0241359954704321,"729230/3071",2,"STA_vs_Unruptured","down","GO_BP"
"GO:0071216","cellular response to biotic stimulus","7/142","269/18986",0.0260223048327138,3.47929210953453,3.55507398425626,0.00416386147897822,0.0308338501490759,0.0243945015575943,"1234/26191/3576/5142/115362/923/3627",7,"STA_vs_Unruptured","down","GO_BP"
"GO:0051235","maintenance of location","8/142","345/18986",0.0231884057971014,3.10038783425189,3.41772695463161,0.00447823658777871,0.0330412437694655,0.0261409025698087,"1236/5330/1234/11151/3932/3627/5788/5552",8,"STA_vs_Unruptured","down","GO_BP"
"GO:0022408","negative regulation of cell-cell adhesion","6/142","207/18986",0.0289855072463768,3.87548479281486,3.61096219872822,0.00468884619015101,0.0342874070590188,0.0271268168218742,"6693/7805/10077/26191/864/3718",6,"STA_vs_Unruptured","down","GO_BP"
"GO:0070588","calcium ion transmembrane transport","8/142","348/18986",0.0229885057471264,3.07366035292213,3.38914787020442,0.00471447665405988,0.0342874070590188,0.0271268168218742,"1236/5330/1234/5142/11151/3932/3627/5788",8,"STA_vs_Unruptured","down","GO_BP"
"GO:0009615","response to virus","9/142","425/18986",0.0211764705882353,2.8313835956918,3.31463738651248,0.0047346255777396,0.0342874070590188,0.0271268168218742,"6693/7852/11040/10077/200316/115362/3627/5788/6352",9,"STA_vs_Unruptured","down","GO_BP"
"GO:0010820","positive regulation of T cell chemotaxis","2/142","14/18986",0.142857142857143,19.1006036217304,5.88116607024191,0.00476542572234761,0.0342874070590188,0.0271268168218742,"729230/6352",2,"STA_vs_Unruptured","down","GO_BP"
"GO:0034116","positive regulation of heterotypic cell-cell adhesion","2/142","14/18986",0.142857142857143,19.1006036217304,5.88116607024191,0.00476542572234761,0.0342874070590188,0.0271268168218742,"3932/8631",2,"STA_vs_Unruptured","down","GO_BP"
"GO:0072672","neutrophil extravasation","2/142","14/18986",0.142857142857143,19.1006036217304,5.88116607024191,0.00476542572234761,0.0342874070590188,0.0271268168218742,"5293/120425",2,"STA_vs_Unruptured","down","GO_BP"
"GO:0072683","T cell extravasation","2/142","14/18986",0.142857142857143,19.1006036217304,5.88116607024191,0.00476542572234761,0.0342874070590188,0.0271268168218742,"729230/3683",2,"STA_vs_Unruptured","down","GO_BP"
"GO:0030890","positive regulation of B cell proliferation","3/142","46/18986",0.0652173913043478,8.71984078383344,4.55051129904702,0.0049153882303917,0.0349941148051395,0.0276859355543762,"1880/3071/5788",3,"STA_vs_Unruptured","down","GO_BP"
"GO:0097028","dendritic cell differentiation","3/142","46/18986",0.0652173913043478,8.71984078383344,4.55051129904702,0.0049153882303917,0.0349941148051395,0.0276859355543762,"1236/814/10538",3,"STA_vs_Unruptured","down","GO_BP"
"GO:1905521","regulation of macrophage migration","3/142","46/18986",0.0652173913043478,8.71984078383344,4.55051129904702,0.0049153882303917,0.0349941148051395,0.0276859355543762,"719/729230/6352",3,"STA_vs_Unruptured","down","GO_BP"
"GO:0032956","regulation of actin cytoskeleton organization","8/142","352/18986",0.0227272727272727,3.0387323943662,3.35151706458573,0.00504424003099114,0.0357858846953882,0.028312352032615,"1236/11113/342184/1901/11151/3071/7454/10788",8,"STA_vs_Unruptured","down","GO_BP"
"GO:0032496","response to lipopolysaccharide","8/142","354/18986",0.0225988700564972,3.02156441473701,3.33290091503415,0.00521561760109834,0.0368727808802388,0.0291722605599669,"1236/1234/26191/3576/5142/115362/923/3627",8,"STA_vs_Unruptured","down","GO_BP"
"GO:0071871","response to epinephrine","2/142","15/18986",0.133333333333333,17.8272300469484,5.65947407336906,0.00547172370607925,0.0385490534709542,0.0304984599845426,"5142/3784",2,"STA_vs_Unruptured","down","GO_BP"
"GO:0006911","phagocytosis, engulfment","3/142","48/18986",0.0625,8.35651408450704,4.42984528525798,0.00554011618767273,0.0387617094647861,0.0306667048500941,"51411/3071/9938",3,"STA_vs_Unruptured","down","GO_BP"
"GO:0007157","heterophilic cell-cell adhesion via plasma membrane cell adhesion molecules","3/142","48/18986",0.0625,8.35651408450704,4.42984528525798,0.00554011618767273,0.0387617094647861,0.0306667048500941,"923/120425/3683",3,"STA_vs_Unruptured","down","GO_BP"
"GO:0050727","regulation of inflammatory response","9/142","438/18986",0.0205479452054795,2.74734709627629,3.21166781387808,0.00574064974558862,0.0398640344238306,0.0315388200027712,"1236/79651/6693/729230/115362/63940/5788/313/6352",9,"STA_vs_Unruptured","down","GO_BP"
"GO:0006887","exocytosis","8/142","360/18986",0.0222222222222222,2.97120500782473,3.27782806991986,0.00575661019525991,0.0398640344238306,0.0315388200027712,"84958/64005/5579/729230/11151/5293/3071/6352",8,"STA_vs_Unruptured","down","GO_BP"
"GO:0045765","regulation of angiogenesis","8/142","360/18986",0.0222222222222222,2.97120500782473,3.27782806991986,0.00575661019525991,0.0398640344238306,0.0315388200027712,"719/7852/5579/729230/3576/26051/5293/3627",8,"STA_vs_Unruptured","down","GO_BP"
"GO:1904892","regulation of receptor signaling pathway via STAT","4/142","96/18986",0.0416666666666667,5.57100938967136,3.89757675145851,0.00585641071222559,0.0403703002489287,0.0319393571526633,"3718/5788/6352/3575",4,"STA_vs_Unruptured","down","GO_BP"
"GO:0002861","regulation of inflammatory response to antigenic stimulus","3/142","49/18986",0.0612244897959184,8.18597298074159,4.37210874624649,0.00586951137182551,0.0403703002489287,0.0319393571526633,"1236/79651/6693",3,"STA_vs_Unruptured","down","GO_BP"
"GO:0008064","regulation of actin polymerization or depolymerization","5/142","153/18986",0.0326797385620915,4.36941912915401,3.63248579379845,0.00589438118305276,0.0404043899338313,0.0319663275396709,"1236/342184/11151/3071/7454",5,"STA_vs_Unruptured","down","GO_BP"
"GO:0001771","immunological synapse formation","2/142","16/18986",0.125,16.7130281690141,5.45819616688068,0.00622288698527516,0.0423699251447091,0.0335213799100834,"1236/923",2,"STA_vs_Unruptured","down","GO_BP"
"GO:0002864","regulation of acute inflammatory response to antigenic stimulus","2/142","16/18986",0.125,16.7130281690141,5.45819616688068,0.00622288698527516,0.0423699251447091,0.0335213799100834,"1236/6693",2,"STA_vs_Unruptured","down","GO_BP"
"GO:0030832","regulation of actin filament length","5/142","156/18986",0.032051282051282,4.28539183820874,3.57673890143101,0.00638959477459216,0.0433594909620317,0.0343042845669883,"1236/342184/11151/3071/7454",5,"STA_vs_Unruptured","down","GO_BP"
"GO:0001914","regulation of T cell mediated cytotoxicity","3/142","51/18986",0.0588235294117647,7.86495443247722,4.26140702351111,0.00656289122039202,0.044387020953918,0.0351172249512204,"3071/5788/3575",3,"STA_vs_Unruptured","down","GO_BP"
"GO:1901342","regulation of vasculature development","8/142","369/18986",0.021680216802168,2.89873659299973,3.19731907882962,0.00664716721462502,0.0448076487656949,0.0354500087508416,"719/7852/5579/729230/3576/26051/5293/3627",8,"STA_vs_Unruptured","down","GO_BP"
"GO:0010810","regulation of cell-substrate adhesion","6/142","223/18986",0.0269058295964126,3.59742310364429,3.38693542556586,0.00669081892584892,0.0449525549687002,0.0355646527079805,"1236/342184/6480/9806/916/8631",6,"STA_vs_Unruptured","down","GO_BP"
"GO:0030099","myeloid cell differentiation","9/142","451/18986",0.0199556541019956,2.66815527310203,3.11237109656896,0.00690485510172299,0.0460820748490699,0.0364582833881516,"1236/814/1880/5293/3071/3784/5613/10320/10538",9,"STA_vs_Unruptured","down","GO_BP"
"GO:0030838","positive regulation of actin filament polymerization","3/142","52/18986",0.0576923076923077,7.71370530877573,4.20829024115097,0.0069270738437488,0.0460820748490699,0.0364582833881516,"1236/342184/3071",3,"STA_vs_Unruptured","down","GO_BP"
"GO:0036230","granulocyte activation","3/142","52/18986",0.0576923076923077,7.71370530877573,4.20829024115097,0.0069270738437488,0.0460820748490699,0.0364582833881516,"729230/3576/6352",3,"STA_vs_Unruptured","down","GO_BP"
"GO:0120162","positive regulation of cold-induced thermogenesis","4/142","101/18986",0.0396039603960396,5.29521684562822,3.75707800200429,0.00699521991940566,0.0463833373087388,0.0366966301241611,"51316/7852/729230/2171",4,"STA_vs_Unruptured","down","GO_BP"
"GO:0008277","regulation of G protein-coupled receptor signaling pathway","5/142","160/18986",0.03125,4.17825704225352,3.50455521887495,0.00709440514502672,0.0468877786295088,0.0370957237996425,"6295/64407/3576/5142/6352",5,"STA_vs_Unruptured","down","GO_BP"
"GO:0002237","response to molecule of bacterial origin","8/142","375/18986",0.0213333333333333,2.85235680751174,3.14498334725409,0.00729651132768844,0.0479542872875517,0.0379395025361295,"1236/1234/26191/3576/5142/115362/923/3627",8,"STA_vs_Unruptured","down","GO_BP"
"GO:0010332","response to gamma radiation","3/142","53/18986",0.0566037735849057,7.56816369917619,4.15657011439493,0.00730304325867594,0.0479542872875517,0.0379395025361295,"5423/3627/5788",3,"STA_vs_Unruptured","down","GO_BP"
